"DATE";"TIME";"INJET01_0";"INJET01_1";"INJET02_0";"INJET02_1";"INJET03_0";"INJET03_1";"INJET04_0";"INJET04_1";"INJET05_0";"INJET05_1";"INJET06_0";"INJET06_1";"INJET07_0";"INJET07_1";"INJET08_0";"INJET08_1";"INJET09_0";"INJET09_1";"INJET10_0";"INJET10_1";"INJET11_0";"INJET11_1";"INJET12_0";"INJET12_1";"INJET13_0";"INJET13_1";"INJET14_0";"INJET14_1";"INJET15_0";"INJET15_1";"INJET16_0";"INJET16_1";"INJET17_0";"INJET17_1";"INJET18_0";"INJET18_1";"INJET19_0";"INJET19_1";"INJET20_0";"INJET20_1";"INJET21_0";"INJET21_1";"INJET22_0";"INJET22_1";"INJET23_0";"INJET23_1";"INJET24_0";"INJET24_1"
"12/01/2016";"17:29:28";"-1";"-1";"-1";"-1";"-1";"-1";"-1";"-1";"-1";"-1";"-1";"-1";"-1";"-1";"-1";"-1";"-1";"-1";"-1";"-1";"-1";"-1";"-1";"-1";"-1";"-1";"-1";"-1";"-1";"-1";"-1";"-1";"-1";"-1";"-1";"-1";"-1";"-1";"-1";"-1";"-1";"-1";"-1";"-1";"-1";"-1";"-1";"-1"
"12/01/2016";"17:29:49";"-1";"-1";"-1";"-1";"-1";"-1";"-1";"-1";"-1";"-1";"-1";"-1";"-1";"-1";"-1";"-1";"-1";"-1";"-1";"-1";"-1";"-1";"-1";"-1";"-1";"-1";"-1";"-1";"-1";"-1";"-1";"-1";"-1";"-1";"-1";"-1";"-1";"-1";"-1";"-1";"-1";"-1";"-1";"-1";"-1";"-1";"-1";"-1"
"12/01/2016";"17:29:50";"-1";"-1";"-1";"-1";"-1";"-1";"-1";"-1";"-1";"-1";"-1";"-1";"-1";"-1";"-1";"-1";"-1";"-1";"-1";"-1";"-1";"-1";"-1";"-1";"-1";"-1";"-1";"-1";"-1";"-1";"-1";"-1";"-1";"-1";"-1";"-1";"-1";"-1";"-1";"-1";"-1";"-1";"-1";"-1";"-1";"-1";"-1";"-1"
"12/01/2016";"17:29:51";"-1";"-1";"-1";"-1";"-1";"-1";"-1";"-1";"-1";"-1";"-1";"-1";"-1";"-1";"-1";"-1";"-1";"-1";"-1";"-1";"-1";"-1";"-1";"-1";"-1";"-1";"-1";"-1";"-1";"-1";"-1";"-1";"-1";"-1";"-1";"-1";"-1";"-1";"-1";"-1";"-1";"-1";"-1";"-1";"-1";"-1";"-1";"-1"
"12/01/2016";"17:29:52";"-1";"-1";"-1";"-1";"-1";"-1";"-1";"-1";"-1";"-1";"-1";"-1";"-1";"-1";"-1";"-1";"-1";"-1";"-1";"-1";"-1";"-1";"-1";"-1";"-1";"-1";"-1";"-1";"-1";"-1";"-1";"-1";"-1";"-1";"-1";"-1";"-1";"-1";"-1";"-1";"-1";"-1";"-1";"-1";"-1";"-1";"-1";"-1"
"12/01/2016";"17:29:53";"-1";"-1";"-1";"-1";"-1";"-1";"-1";"-1";"-1";"-1";"-1";"-1";"-1";"-1";"-1";"-1";"-1";"-1";"-1";"-1";"-1";"-1";"-1";"-1";"-1";"-1";"-1";"-1";"-1";"-1";"-1";"-1";"-1";"-1";"-1";"-1";"-1";"-1";"-1";"-1";"-1";"-1";"-1";"-1";"-1";"-1";"-1";"-1"
"12/01/2016";"17:29:54";"-1";"-1";"-1";"-1";"-1";"-1";"-1";"-1";"-1";"-1";"-1";"-1";"-1";"-1";"-1";"-1";"-1";"-1";"-1";"-1";"-1";"-1";"-1";"-1";"-1";"-1";"-1";"-1";"-1";"-1";"-1";"-1";"-1";"-1";"-1";"-1";"-1";"-1";"-1";"-1";"-1";"-1";"-1";"-1";"-1";"-1";"-1";"-1"
"12/01/2016";"17:29:55";"-1";"-1";"-1";"-1";"-1";"-1";"-1";"-1";"-1";"-1";"-1";"-1";"-1";"-1";"-1";"-1";"-1";"-1";"-1";"-1";"-1";"-1";"-1";"-1";"-1";"-1";"-1";"-1";"-1";"-1";"-1";"-1";"-1";"-1";"-1";"-1";"-1";"-1";"-1";"-1";"-1";"-1";"-1";"-1";"-1";"-1";"-1";"-1"
"12/01/2016";"17:29:56";"-1";"-1";"-1";"-1";"-1";"-1";"-1";"-1";"-1";"-1";"-1";"-1";"-1";"-1";"-1";"-1";"-1";"-1";"-1";"-1";"-1";"-1";"-1";"-1";"-1";"-1";"-1";"-1";"-1";"-1";"-1";"-1";"-1";"-1";"-1";"-1";"-1";"-1";"-1";"-1";"-1";"-1";"-1";"-1";"-1";"-1";"-1";"-1"
"12/01/2016";"17:29:57";"-1";"-1";"-1";"-1";"-1";"-1";"-1";"-1";"-1";"-1";"-1";"-1";"-1";"-1";"-1";"-1";"-1";"-1";"-1";"-1";"-1";"-1";"-1";"-1";"-1";"-1";"-1";"-1";"-1";"-1";"-1";"-1";"-1";"-1";"-1";"-1";"-1";"-1";"-1";"-1";"-1";"-1";"-1";"-1";"-1";"-1";"-1";"-1"
"12/01/2016";"17:29:58";"-1";"-1";"-1";"-1";"-1";"-1";"-1";"-1";"-1";"-1";"-1";"-1";"-1";"-1";"-1";"-1";"-1";"-1";"-1";"-1";"-1";"-1";"-1";"-1";"-1";"-1";"-1";"-1";"-1";"-1";"-1";"-1";"-1";"-1";"-1";"-1";"-1";"-1";"-1";"-1";"-1";"-1";"-1";"-1";"-1";"-1";"-1";"-1"
"12/01/2016";"17:29:59";"-1";"-1";"-1";"-1";"-1";"-1";"-1";"-1";"-1";"-1";"-1";"-1";"-1";"-1";"-1";"-1";"-1";"-1";"-1";"-1";"-1";"-1";"-1";"-1";"-1";"-1";"-1";"-1";"-1";"-1";"-1";"-1";"-1";"-1";"-1";"-1";"-1";"-1";"-1";"-1";"-1";"-1";"-1";"-1";"-1";"-1";"-1";"-1"
"12/01/2016";"17:30:00";"-1";"-1";"-1";"-1";"-1";"-1";"-1";"-1";"-1";"-1";"-1";"-1";"-1";"-1";"-1";"-1";"-1";"-1";"-1";"-1";"-1";"-1";"-1";"-1";"-1";"-1";"-1";"-1";"-1";"-1";"-1";"-1";"-1";"-1";"-1";"-1";"-1";"-1";"-1";"-1";"-1";"-1";"-1";"-1";"-1";"-1";"-1";"-1"
"12/01/2016";"17:30:01";"-1";"-1";"-1";"-1";"-1";"-1";"-1";"-1";"-1";"-1";"-1";"-1";"-1";"-1";"-1";"-1";"-1";"-1";"-1";"-1";"-1";"-1";"-1";"-1";"-1";"-1";"-1";"-1";"-1";"-1";"-1";"-1";"-1";"-1";"-1";"-1";"-1";"-1";"-1";"-1";"-1";"-1";"-1";"-1";"-1";"-1";"-1";"-1"
"12/01/2016";"17:30:02";"-1";"-1";"-1";"-1";"-1";"-1";"-1";"-1";"-1";"-1";"-1";"-1";"-1";"-1";"-1";"-1";"-1";"-1";"-1";"-1";"-1";"-1";"-1";"-1";"-1";"-1";"-1";"-1";"-1";"-1";"-1";"-1";"-1";"-1";"-1";"-1";"-1";"-1";"-1";"-1";"-1";"-1";"-1";"-1";"-1";"-1";"-1";"-1"
"12/01/2016";"17:30:03";"-1";"-1";"-1";"-1";"-1";"-1";"-1";"-1";"-1";"-1";"-1";"-1";"-1";"-1";"-1";"-1";"-1";"-1";"-1";"-1";"-1";"-1";"-1";"-1";"-1";"-1";"-1";"-1";"-1";"-1";"-1";"-1";"-1";"-1";"-1";"-1";"-1";"-1";"-1";"-1";"-1";"-1";"-1";"-1";"-1";"-1";"-1";"-1"
"12/01/2016";"17:30:04";"-1";"-1";"-1";"-1";"-1";"-1";"-1";"-1";"-1";"-1";"-1";"-1";"-1";"-1";"-1";"-1";"-1";"-1";"-1";"-1";"-1";"-1";"-1";"-1";"-1";"-1";"-1";"-1";"-1";"-1";"-1";"-1";"-1";"-1";"-1";"-1";"-1";"-1";"-1";"-1";"-1";"-1";"-1";"-1";"-1";"-1";"-1";"-1"
"12/01/2016";"17:30:05";"-1";"-1";"-1";"-1";"-1";"-1";"-1";"-1";"-1";"-1";"-1";"-1";"-1";"-1";"-1";"-1";"-1";"-1";"-1";"-1";"-1";"-1";"-1";"-1";"-1";"-1";"-1";"-1";"-1";"-1";"-1";"-1";"-1";"-1";"-1";"-1";"-1";"-1";"-1";"-1";"-1";"-1";"-1";"-1";"-1";"-1";"-1";"-1"
"12/01/2016";"17:30:06";"-1";"-1";"-1";"-1";"-1";"-1";"-1";"-1";"-1";"-1";"-1";"-1";"-1";"-1";"-1";"-1";"-1";"-1";"-1";"-1";"-1";"-1";"-1";"-1";"-1";"-1";"-1";"-1";"-1";"-1";"-1";"-1";"-1";"-1";"-1";"-1";"-1";"-1";"-1";"-1";"-1";"-1";"-1";"-1";"-1";"-1";"-1";"-1"
"12/01/2016";"17:30:07";"-1";"-1";"-1";"-1";"-1";"-1";"-1";"-1";"-1";"-1";"-1";"-1";"-1";"-1";"-1";"-1";"-1";"-1";"-1";"-1";"-1";"-1";"-1";"-1";"-1";"-1";"-1";"-1";"-1";"-1";"-1";"-1";"-1";"-1";"-1";"-1";"-1";"-1";"-1";"-1";"-1";"-1";"-1";"-1";"-1";"-1";"-1";"-1"
"12/01/2016";"17:30:08";"-1";"-1";"-1";"-1";"-1";"-1";"-1";"-1";"-1";"-1";"-1";"-1";"-1";"-1";"-1";"-1";"-1";"-1";"-1";"-1";"-1";"-1";"-1";"-1";"-1";"-1";"-1";"-1";"-1";"-1";"-1";"-1";"-1";"-1";"-1";"-1";"-1";"-1";"-1";"-1";"-1";"-1";"-1";"-1";"-1";"-1";"-1";"-1"
"12/01/2016";"17:30:09";"-1";"-1";"-1";"-1";"-1";"-1";"-1";"-1";"-1";"-1";"-1";"-1";"-1";"-1";"-1";"-1";"-1";"-1";"-1";"-1";"-1";"-1";"-1";"-1";"-1";"-1";"-1";"-1";"-1";"-1";"-1";"-1";"-1";"-1";"-1";"-1";"-1";"-1";"-1";"-1";"-1";"-1";"-1";"-1";"-1";"-1";"-1";"-1"
"12/01/2016";"17:30:10";"-1";"-1";"-1";"-1";"-1";"-1";"-1";"-1";"-1";"-1";"-1";"-1";"-1";"-1";"-1";"-1";"-1";"-1";"-1";"-1";"-1";"-1";"-1";"-1";"-1";"-1";"-1";"-1";"-1";"-1";"-1";"-1";"-1";"-1";"-1";"-1";"-1";"-1";"-1";"-1";"-1";"-1";"-1";"-1";"-1";"-1";"-1";"-1"
"12/01/2016";"17:30:11";"-1";"-1";"-1";"-1";"-1";"-1";"-1";"-1";"-1";"-1";"-1";"-1";"-1";"-1";"-1";"-1";"-1";"-1";"-1";"-1";"-1";"-1";"-1";"-1";"-1";"-1";"-1";"-1";"-1";"-1";"-1";"-1";"-1";"-1";"-1";"-1";"-1";"-1";"-1";"-1";"-1";"-1";"-1";"-1";"-1";"-1";"-1";"-1"
"12/01/2016";"17:30:12";"-1";"-1";"-1";"-1";"-1";"-1";"-1";"-1";"-1";"-1";"-1";"-1";"-1";"-1";"-1";"-1";"-1";"-1";"-1";"-1";"-1";"-1";"-1";"-1";"-1";"-1";"-1";"-1";"-1";"-1";"-1";"-1";"-1";"-1";"-1";"-1";"-1";"-1";"-1";"-1";"-1";"-1";"-1";"-1";"-1";"-1";"-1";"-1"
"12/01/2016";"17:30:13";"-1";"-1";"-1";"-1";"-1";"-1";"-1";"-1";"-1";"-1";"-1";"-1";"-1";"-1";"-1";"-1";"-1";"-1";"-1";"-1";"-1";"-1";"-1";"-1";"-1";"-1";"-1";"-1";"-1";"-1";"-1";"-1";"-1";"-1";"-1";"-1";"-1";"-1";"-1";"-1";"-1";"-1";"-1";"-1";"-1";"-1";"-1";"-1"
"12/01/2016";"17:30:14";"-1";"-1";"-1";"-1";"-1";"-1";"-1";"-1";"-1";"-1";"-1";"-1";"-1";"-1";"-1";"-1";"-1";"-1";"-1";"-1";"-1";"-1";"-1";"-1";"-1";"-1";"-1";"-1";"-1";"-1";"-1";"-1";"-1";"-1";"-1";"-1";"-1";"-1";"-1";"-1";"-1";"-1";"-1";"-1";"-1";"-1";"-1";"-1"
"12/01/2016";"17:30:15";"-1";"-1";"-1";"-1";"-1";"-1";"-1";"-1";"-1";"-1";"-1";"-1";"-1";"-1";"-1";"-1";"-1";"-1";"-1";"-1";"-1";"-1";"-1";"-1";"-1";"-1";"-1";"-1";"-1";"-1";"-1";"-1";"-1";"-1";"-1";"-1";"-1";"-1";"-1";"-1";"-1";"-1";"-1";"-1";"-1";"-1";"-1";"-1"
"12/01/2016";"17:30:16";"-1";"-1";"-1";"-1";"-1";"-1";"-1";"-1";"-1";"-1";"-1";"-1";"-1";"-1";"-1";"-1";"-1";"-1";"-1";"-1";"-1";"-1";"-1";"-1";"-1";"-1";"-1";"-1";"-1";"-1";"-1";"-1";"-1";"-1";"-1";"-1";"-1";"-1";"-1";"-1";"-1";"-1";"-1";"-1";"-1";"-1";"-1";"-1"
"12/01/2016";"17:30:17";"-1";"-1";"-1";"-1";"-1";"-1";"-1";"-1";"-1";"-1";"-1";"-1";"-1";"-1";"-1";"-1";"-1";"-1";"-1";"-1";"-1";"-1";"-1";"-1";"-1";"-1";"-1";"-1";"-1";"-1";"-1";"-1";"-1";"-1";"-1";"-1";"-1";"-1";"-1";"-1";"-1";"-1";"-1";"-1";"-1";"-1";"-1";"-1"
"12/01/2016";"17:30:18";"-1";"-1";"-1";"-1";"-1";"-1";"-1";"-1";"-1";"-1";"-1";"-1";"-1";"-1";"-1";"-1";"-1";"-1";"-1";"-1";"-1";"-1";"-1";"-1";"-1";"-1";"-1";"-1";"-1";"-1";"-1";"-1";"-1";"-1";"-1";"-1";"-1";"-1";"-1";"-1";"-1";"-1";"-1";"-1";"-1";"-1";"-1";"-1"
"12/01/2016";"17:30:19";"-1";"-1";"-1";"-1";"-1";"-1";"-1";"-1";"-1";"-1";"-1";"-1";"-1";"-1";"-1";"-1";"-1";"-1";"-1";"-1";"-1";"-1";"-1";"-1";"-1";"-1";"-1";"-1";"-1";"-1";"-1";"-1";"-1";"-1";"-1";"-1";"-1";"-1";"-1";"-1";"-1";"-1";"-1";"-1";"-1";"-1";"-1";"-1"
"12/01/2016";"17:30:20";"-1";"-1";"-1";"-1";"-1";"-1";"-1";"-1";"-1";"-1";"-1";"-1";"-1";"-1";"-1";"-1";"-1";"-1";"-1";"-1";"-1";"-1";"-1";"-1";"-1";"-1";"-1";"-1";"-1";"-1";"-1";"-1";"-1";"-1";"-1";"-1";"-1";"-1";"-1";"-1";"-1";"-1";"-1";"-1";"-1";"-1";"-1";"-1"
"12/01/2016";"17:30:21";"-1";"-1";"-1";"-1";"-1";"-1";"-1";"-1";"-1";"-1";"-1";"-1";"-1";"-1";"-1";"-1";"-1";"-1";"-1";"-1";"-1";"-1";"-1";"-1";"-1";"-1";"-1";"-1";"-1";"-1";"-1";"-1";"-1";"-1";"-1";"-1";"-1";"-1";"-1";"-1";"-1";"-1";"-1";"-1";"-1";"-1";"-1";"-1"
"12/01/2016";"17:30:22";"-1";"-1";"-1";"-1";"-1";"-1";"-1";"-1";"-1";"-1";"-1";"-1";"-1";"-1";"-1";"-1";"-1";"-1";"-1";"-1";"-1";"-1";"-1";"-1";"-1";"-1";"-1";"-1";"-1";"-1";"-1";"-1";"-1";"-1";"-1";"-1";"-1";"-1";"-1";"-1";"-1";"-1";"-1";"-1";"-1";"-1";"-1";"-1"
"12/01/2016";"17:30:23";"-1";"-1";"-1";"-1";"-1";"-1";"-1";"-1";"-1";"-1";"-1";"-1";"-1";"-1";"-1";"-1";"-1";"-1";"-1";"-1";"-1";"-1";"-1";"-1";"-1";"-1";"-1";"-1";"-1";"-1";"-1";"-1";"-1";"-1";"-1";"-1";"-1";"-1";"-1";"-1";"-1";"-1";"-1";"-1";"-1";"-1";"-1";"-1"
"12/01/2016";"17:30:24";"-1";"-1";"-1";"-1";"-1";"-1";"-1";"-1";"-1";"-1";"-1";"-1";"-1";"-1";"-1";"-1";"-1";"-1";"-1";"-1";"-1";"-1";"-1";"-1";"-1";"-1";"-1";"-1";"-1";"-1";"-1";"-1";"-1";"-1";"-1";"-1";"-1";"-1";"-1";"-1";"-1";"-1";"-1";"-1";"-1";"-1";"-1";"-1"
"12/01/2016";"17:30:25";"-1";"-1";"-1";"-1";"-1";"-1";"-1";"-1";"-1";"-1";"-1";"-1";"-1";"-1";"-1";"-1";"-1";"-1";"-1";"-1";"-1";"-1";"-1";"-1";"-1";"-1";"-1";"-1";"-1";"-1";"-1";"-1";"-1";"-1";"-1";"-1";"-1";"-1";"-1";"-1";"-1";"-1";"-1";"-1";"-1";"-1";"-1";"-1"
"12/01/2016";"17:30:26";"-1";"-1";"-1";"-1";"-1";"-1";"-1";"-1";"-1";"-1";"-1";"-1";"-1";"-1";"-1";"-1";"-1";"-1";"-1";"-1";"-1";"-1";"-1";"-1";"-1";"-1";"-1";"-1";"-1";"-1";"-1";"-1";"-1";"-1";"-1";"-1";"-1";"-1";"-1";"-1";"-1";"-1";"-1";"-1";"-1";"-1";"-1";"-1"
"12/01/2016";"17:30:27";"-1";"-1";"-1";"-1";"-1";"-1";"-1";"-1";"-1";"-1";"-1";"-1";"-1";"-1";"-1";"-1";"-1";"-1";"-1";"-1";"-1";"-1";"-1";"-1";"-1";"-1";"-1";"-1";"-1";"-1";"-1";"-1";"-1";"-1";"-1";"-1";"-1";"-1";"-1";"-1";"-1";"-1";"-1";"-1";"-1";"-1";"-1";"-1"
"12/01/2016";"17:30:28";"-1";"-1";"-1";"-1";"-1";"-1";"-1";"-1";"-1";"-1";"-1";"-1";"-1";"-1";"-1";"-1";"-1";"-1";"-1";"-1";"-1";"-1";"-1";"-1";"-1";"-1";"-1";"-1";"-1";"-1";"-1";"-1";"-1";"-1";"-1";"-1";"-1";"-1";"-1";"-1";"-1";"-1";"-1";"-1";"-1";"-1";"-1";"-1"
"12/01/2016";"17:30:29";"-1";"-1";"-1";"-1";"-1";"-1";"-1";"-1";"-1";"-1";"-1";"-1";"-1";"-1";"-1";"-1";"-1";"-1";"-1";"-1";"-1";"-1";"-1";"-1";"-1";"-1";"-1";"-1";"-1";"-1";"-1";"-1";"-1";"-1";"-1";"-1";"-1";"-1";"-1";"-1";"-1";"-1";"-1";"-1";"-1";"-1";"-1";"-1"
"12/01/2016";"17:30:30";"-1";"-1";"-1";"-1";"-1";"-1";"-1";"-1";"-1";"-1";"-1";"-1";"-1";"-1";"-1";"-1";"-1";"-1";"-1";"-1";"-1";"-1";"-1";"-1";"-1";"-1";"-1";"-1";"-1";"-1";"-1";"-1";"-1";"-1";"-1";"-1";"-1";"-1";"-1";"-1";"-1";"-1";"-1";"-1";"-1";"-1";"-1";"-1"
"12/01/2016";"17:30:31";"-1";"-1";"-1";"-1";"-1";"-1";"-1";"-1";"-1";"-1";"-1";"-1";"-1";"-1";"-1";"-1";"-1";"-1";"-1";"-1";"-1";"-1";"-1";"-1";"-1";"-1";"-1";"-1";"-1";"-1";"-1";"-1";"-1";"-1";"-1";"-1";"-1";"-1";"-1";"-1";"-1";"-1";"-1";"-1";"-1";"-1";"-1";"-1"
"12/01/2016";"17:30:32";"-1";"-1";"-1";"-1";"-1";"-1";"-1";"-1";"-1";"-1";"-1";"-1";"-1";"-1";"-1";"-1";"-1";"-1";"-1";"-1";"-1";"-1";"-1";"-1";"-1";"-1";"-1";"-1";"-1";"-1";"-1";"-1";"-1";"-1";"-1";"-1";"-1";"-1";"-1";"-1";"-1";"-1";"-1";"-1";"-1";"-1";"-1";"-1"
"12/01/2016";"17:30:33";"-1";"-1";"-1";"-1";"-1";"-1";"-1";"-1";"-1";"-1";"-1";"-1";"-1";"-1";"-1";"-1";"-1";"-1";"-1";"-1";"-1";"-1";"-1";"-1";"-1";"-1";"-1";"-1";"-1";"-1";"-1";"-1";"-1";"-1";"-1";"-1";"-1";"-1";"-1";"-1";"-1";"-1";"-1";"-1";"-1";"-1";"-1";"-1"
"12/01/2016";"17:30:55";"-1";"-1";"-1";"-1";"-1";"-1";"-1";"-1";"-1";"-1";"-1";"-1";"-1";"-1";"-1";"-1";"-1";"-1";"-1";"-1";"-1";"-1";"-1";"-1";"-1";"-1";"-1";"-1";"-1";"-1";"-1";"-1";"-1";"-1";"-1";"-1";"-1";"-1";"-1";"-1";"-1";"-1";"-1";"-1";"-1";"-1";"-1";"-1"
"12/01/2016";"17:30:56";"-1";"-1";"-1";"-1";"-1";"-1";"-1";"-1";"-1";"-1";"-1";"-1";"-1";"-1";"-1";"-1";"-1";"-1";"-1";"-1";"-1";"-1";"-1";"-1";"-1";"-1";"-1";"-1";"-1";"-1";"-1";"-1";"-1";"-1";"-1";"-1";"-1";"-1";"-1";"-1";"-1";"-1";"-1";"-1";"-1";"-1";"-1";"-1"
"12/01/2016";"17:30:57";"-1";"-1";"-1";"-1";"-1";"-1";"-1";"-1";"-1";"-1";"-1";"-1";"-1";"-1";"-1";"-1";"-1";"-1";"-1";"-1";"-1";"-1";"-1";"-1";"-1";"-1";"-1";"-1";"-1";"-1";"-1";"-1";"-1";"-1";"-1";"-1";"-1";"-1";"-1";"-1";"-1";"-1";"-1";"-1";"-1";"-1";"-1";"-1"
"12/01/2016";"17:30:58";"-1";"-1";"-1";"-1";"-1";"-1";"-1";"-1";"-1";"-1";"-1";"-1";"-1";"-1";"-1";"-1";"-1";"-1";"-1";"-1";"-1";"-1";"-1";"-1";"-1";"-1";"-1";"-1";"-1";"-1";"-1";"-1";"-1";"-1";"-1";"-1";"-1";"-1";"-1";"-1";"-1";"-1";"-1";"-1";"-1";"-1";"-1";"-1"
"12/01/2016";"17:30:59";"-1";"-1";"-1";"-1";"-1";"-1";"-1";"-1";"-1";"-1";"-1";"-1";"-1";"-1";"-1";"-1";"-1";"-1";"-1";"-1";"-1";"-1";"-1";"-1";"-1";"-1";"-1";"-1";"-1";"-1";"-1";"-1";"-1";"-1";"-1";"-1";"-1";"-1";"-1";"-1";"-1";"-1";"-1";"-1";"-1";"-1";"-1";"-1"
"12/01/2016";"17:31:00";"-1";"-1";"-1";"-1";"-1";"-1";"-1";"-1";"-1";"-1";"-1";"-1";"-1";"-1";"-1";"-1";"-1";"-1";"-1";"-1";"-1";"-1";"-1";"-1";"-1";"-1";"-1";"-1";"-1";"-1";"-1";"-1";"-1";"-1";"-1";"-1";"-1";"-1";"-1";"-1";"-1";"-1";"-1";"-1";"-1";"-1";"-1";"-1"
"12/01/2016";"17:31:01";"-1";"-1";"-1";"-1";"-1";"-1";"-1";"-1";"-1";"-1";"-1";"-1";"-1";"-1";"-1";"-1";"-1";"-1";"-1";"-1";"-1";"-1";"-1";"-1";"-1";"-1";"-1";"-1";"-1";"-1";"-1";"-1";"-1";"-1";"-1";"-1";"-1";"-1";"-1";"-1";"-1";"-1";"-1";"-1";"-1";"-1";"-1";"-1"
"12/01/2016";"17:31:02";"-1";"-1";"-1";"-1";"-1";"-1";"-1";"-1";"-1";"-1";"-1";"-1";"-1";"-1";"-1";"-1";"-1";"-1";"-1";"-1";"-1";"-1";"-1";"-1";"-1";"-1";"-1";"-1";"-1";"-1";"-1";"-1";"-1";"-1";"-1";"-1";"-1";"-1";"-1";"-1";"-1";"-1";"-1";"-1";"-1";"-1";"-1";"-1"
"12/01/2016";"17:31:23";"-1";"-1";"-1";"-1";"-1";"-1";"-1";"-1";"-1";"-1";"-1";"-1";"-1";"-1";"-1";"-1";"-1";"-1";"-1";"-1";"-1";"-1";"-1";"-1";"-1";"-1";"-1";"-1";"-1";"-1";"-1";"-1";"-1";"-1";"-1";"-1";"-1";"-1";"-1";"-1";"-1";"-1";"-1";"-1";"-1";"-1";"-1";"-1"
"12/01/2016";"17:31:24";"-1";"-1";"-1";"-1";"-1";"-1";"-1";"-1";"-1";"-1";"-1";"-1";"-1";"-1";"-1";"-1";"-1";"-1";"-1";"-1";"-1";"-1";"-1";"-1";"-1";"-1";"-1";"-1";"-1";"-1";"-1";"-1";"-1";"-1";"-1";"-1";"-1";"-1";"-1";"-1";"-1";"-1";"-1";"-1";"-1";"-1";"-1";"-1"
"12/01/2016";"17:31:25";"-1";"-1";"-1";"-1";"-1";"-1";"-1";"-1";"-1";"-1";"-1";"-1";"-1";"-1";"-1";"-1";"-1";"-1";"-1";"-1";"-1";"-1";"-1";"-1";"-1";"-1";"-1";"-1";"-1";"-1";"-1";"-1";"-1";"-1";"-1";"-1";"-1";"-1";"-1";"-1";"-1";"-1";"-1";"-1";"-1";"-1";"-1";"-1"
"12/01/2016";"17:31:26";"-1";"-1";"-1";"-1";"-1";"-1";"-1";"-1";"-1";"-1";"-1";"-1";"-1";"-1";"-1";"-1";"-1";"-1";"-1";"-1";"-1";"-1";"-1";"-1";"-1";"-1";"-1";"-1";"-1";"-1";"-1";"-1";"-1";"-1";"-1";"-1";"-1";"-1";"-1";"-1";"-1";"-1";"-1";"-1";"-1";"-1";"-1";"-1"
"12/01/2016";"17:31:27";"-1";"-1";"-1";"-1";"-1";"-1";"-1";"-1";"-1";"-1";"-1";"-1";"-1";"-1";"-1";"-1";"-1";"-1";"-1";"-1";"-1";"-1";"-1";"-1";"-1";"-1";"-1";"-1";"-1";"-1";"-1";"-1";"-1";"-1";"-1";"-1";"-1";"-1";"-1";"-1";"-1";"-1";"-1";"-1";"-1";"-1";"-1";"-1"
"12/01/2016";"17:31:28";"-1";"-1";"-1";"-1";"-1";"-1";"-1";"-1";"-1";"-1";"-1";"-1";"-1";"-1";"-1";"-1";"-1";"-1";"-1";"-1";"-1";"-1";"-1";"-1";"-1";"-1";"-1";"-1";"-1";"-1";"-1";"-1";"-1";"-1";"-1";"-1";"-1";"-1";"-1";"-1";"-1";"-1";"-1";"-1";"-1";"-1";"-1";"-1"
"12/01/2016";"17:31:29";"-1";"-1";"-1";"-1";"-1";"-1";"-1";"-1";"-1";"-1";"-1";"-1";"-1";"-1";"-1";"-1";"-1";"-1";"-1";"-1";"-1";"-1";"-1";"-1";"-1";"-1";"-1";"-1";"-1";"-1";"-1";"-1";"-1";"-1";"-1";"-1";"-1";"-1";"-1";"-1";"-1";"-1";"-1";"-1";"-1";"-1";"-1";"-1"
"12/01/2016";"17:31:30";"-1";"-1";"-1";"-1";"-1";"-1";"-1";"-1";"-1";"-1";"-1";"-1";"-1";"-1";"-1";"-1";"-1";"-1";"-1";"-1";"-1";"-1";"-1";"-1";"-1";"-1";"-1";"-1";"-1";"-1";"-1";"-1";"-1";"-1";"-1";"-1";"-1";"-1";"-1";"-1";"-1";"-1";"-1";"-1";"-1";"-1";"-1";"-1"
"12/01/2016";"17:31:31";"-1";"-1";"-1";"-1";"-1";"-1";"-1";"-1";"-1";"-1";"-1";"-1";"-1";"-1";"-1";"-1";"-1";"-1";"-1";"-1";"-1";"-1";"-1";"-1";"-1";"-1";"-1";"-1";"-1";"-1";"-1";"-1";"-1";"-1";"-1";"-1";"-1";"-1";"-1";"-1";"-1";"-1";"-1";"-1";"-1";"-1";"-1";"-1"
"12/01/2016";"17:31:32";"-1";"-1";"-1";"-1";"-1";"-1";"-1";"-1";"-1";"-1";"-1";"-1";"-1";"-1";"-1";"-1";"-1";"-1";"-1";"-1";"-1";"-1";"-1";"-1";"-1";"-1";"-1";"-1";"-1";"-1";"-1";"-1";"-1";"-1";"-1";"-1";"-1";"-1";"-1";"-1";"-1";"-1";"-1";"-1";"-1";"-1";"-1";"-1"
"12/01/2016";"17:31:33";"-1";"-1";"-1";"-1";"-1";"-1";"-1";"-1";"-1";"-1";"-1";"-1";"-1";"-1";"-1";"-1";"-1";"-1";"-1";"-1";"-1";"-1";"-1";"-1";"-1";"-1";"-1";"-1";"-1";"-1";"-1";"-1";"-1";"-1";"-1";"-1";"-1";"-1";"-1";"-1";"-1";"-1";"-1";"-1";"-1";"-1";"-1";"-1"
"12/01/2016";"17:31:34";"-1";"-1";"-1";"-1";"-1";"-1";"-1";"-1";"-1";"-1";"-1";"-1";"-1";"-1";"-1";"-1";"-1";"-1";"-1";"-1";"-1";"-1";"-1";"-1";"-1";"-1";"-1";"-1";"-1";"-1";"-1";"-1";"-1";"-1";"-1";"-1";"-1";"-1";"-1";"-1";"-1";"-1";"-1";"-1";"-1";"-1";"-1";"-1"
"12/01/2016";"17:31:35";"-1";"-1";"-1";"-1";"-1";"-1";"-1";"-1";"-1";"-1";"-1";"-1";"-1";"-1";"-1";"-1";"-1";"-1";"-1";"-1";"-1";"-1";"-1";"-1";"-1";"-1";"-1";"-1";"-1";"-1";"-1";"-1";"-1";"-1";"-1";"-1";"-1";"-1";"-1";"-1";"-1";"-1";"-1";"-1";"-1";"-1";"-1";"-1"
"12/01/2016";"17:31:36";"-1";"-1";"-1";"-1";"-1";"-1";"-1";"-1";"-1";"-1";"-1";"-1";"-1";"-1";"-1";"-1";"-1";"-1";"-1";"-1";"-1";"-1";"-1";"-1";"-1";"-1";"-1";"-1";"-1";"-1";"-1";"-1";"-1";"-1";"-1";"-1";"-1";"-1";"-1";"-1";"-1";"-1";"-1";"-1";"-1";"-1";"-1";"-1"
"12/01/2016";"17:31:37";"-1";"-1";"-1";"-1";"-1";"-1";"-1";"-1";"-1";"-1";"-1";"-1";"-1";"-1";"-1";"-1";"-1";"-1";"-1";"-1";"-1";"-1";"-1";"-1";"-1";"-1";"-1";"-1";"-1";"-1";"-1";"-1";"-1";"-1";"-1";"-1";"-1";"-1";"-1";"-1";"-1";"-1";"-1";"-1";"-1";"-1";"-1";"-1"
"12/01/2016";"17:31:38";"-1";"-1";"-1";"-1";"-1";"-1";"-1";"-1";"-1";"-1";"-1";"-1";"-1";"-1";"-1";"-1";"-1";"-1";"-1";"-1";"-1";"-1";"-1";"-1";"-1";"-1";"-1";"-1";"-1";"-1";"-1";"-1";"-1";"-1";"-1";"-1";"-1";"-1";"-1";"-1";"-1";"-1";"-1";"-1";"-1";"-1";"-1";"-1"
"12/01/2016";"17:31:39";"-1";"-1";"-1";"-1";"-1";"-1";"-1";"-1";"-1";"-1";"-1";"-1";"-1";"-1";"-1";"-1";"-1";"-1";"-1";"-1";"-1";"-1";"-1";"-1";"-1";"-1";"-1";"-1";"-1";"-1";"-1";"-1";"-1";"-1";"-1";"-1";"-1";"-1";"-1";"-1";"-1";"-1";"-1";"-1";"-1";"-1";"-1";"-1"
"12/01/2016";"17:31:40";"-1";"-1";"-1";"-1";"-1";"-1";"-1";"-1";"-1";"-1";"-1";"-1";"-1";"-1";"-1";"-1";"-1";"-1";"-1";"-1";"-1";"-1";"-1";"-1";"-1";"-1";"-1";"-1";"-1";"-1";"-1";"-1";"-1";"-1";"-1";"-1";"-1";"-1";"-1";"-1";"-1";"-1";"-1";"-1";"-1";"-1";"-1";"-1"
"12/01/2016";"17:31:41";"-1";"-1";"-1";"-1";"-1";"-1";"-1";"-1";"-1";"-1";"-1";"-1";"-1";"-1";"-1";"-1";"-1";"-1";"-1";"-1";"-1";"-1";"-1";"-1";"-1";"-1";"-1";"-1";"-1";"-1";"-1";"-1";"-1";"-1";"-1";"-1";"-1";"-1";"-1";"-1";"-1";"-1";"-1";"-1";"-1";"-1";"-1";"-1"
"12/01/2016";"17:31:42";"-1";"-1";"-1";"-1";"-1";"-1";"-1";"-1";"-1";"-1";"-1";"-1";"-1";"-1";"-1";"-1";"-1";"-1";"-1";"-1";"-1";"-1";"-1";"-1";"-1";"-1";"-1";"-1";"-1";"-1";"-1";"-1";"-1";"-1";"-1";"-1";"-1";"-1";"-1";"-1";"-1";"-1";"-1";"-1";"-1";"-1";"-1";"-1"
"12/01/2016";"17:31:43";"-1";"-1";"-1";"-1";"-1";"-1";"-1";"-1";"-1";"-1";"-1";"-1";"-1";"-1";"-1";"-1";"-1";"-1";"-1";"-1";"-1";"-1";"-1";"-1";"-1";"-1";"-1";"-1";"-1";"-1";"-1";"-1";"-1";"-1";"-1";"-1";"-1";"-1";"-1";"-1";"-1";"-1";"-1";"-1";"-1";"-1";"-1";"-1"
"12/01/2016";"17:31:44";"-1";"-1";"-1";"-1";"-1";"-1";"-1";"-1";"-1";"-1";"-1";"-1";"-1";"-1";"-1";"-1";"-1";"-1";"-1";"-1";"-1";"-1";"-1";"-1";"-1";"-1";"-1";"-1";"-1";"-1";"-1";"-1";"-1";"-1";"-1";"-1";"-1";"-1";"-1";"-1";"-1";"-1";"-1";"-1";"-1";"-1";"-1";"-1"
"12/01/2016";"17:31:45";"-1";"-1";"-1";"-1";"-1";"-1";"-1";"-1";"-1";"-1";"-1";"-1";"-1";"-1";"-1";"-1";"-1";"-1";"-1";"-1";"-1";"-1";"-1";"-1";"-1";"-1";"-1";"-1";"-1";"-1";"-1";"-1";"-1";"-1";"-1";"-1";"-1";"-1";"-1";"-1";"-1";"-1";"-1";"-1";"-1";"-1";"-1";"-1"
"12/01/2016";"17:31:46";"-1";"-1";"-1";"-1";"-1";"-1";"-1";"-1";"-1";"-1";"-1";"-1";"-1";"-1";"-1";"-1";"-1";"-1";"-1";"-1";"-1";"-1";"-1";"-1";"-1";"-1";"-1";"-1";"-1";"-1";"-1";"-1";"-1";"-1";"-1";"-1";"-1";"-1";"-1";"-1";"-1";"-1";"-1";"-1";"-1";"-1";"-1";"-1"
"12/01/2016";"17:31:47";"-1";"-1";"-1";"-1";"-1";"-1";"-1";"-1";"-1";"-1";"-1";"-1";"-1";"-1";"-1";"-1";"-1";"-1";"-1";"-1";"-1";"-1";"-1";"-1";"-1";"-1";"-1";"-1";"-1";"-1";"-1";"-1";"-1";"-1";"-1";"-1";"-1";"-1";"-1";"-1";"-1";"-1";"-1";"-1";"-1";"-1";"-1";"-1"
"12/01/2016";"17:31:48";"-1";"-1";"-1";"-1";"-1";"-1";"-1";"-1";"-1";"-1";"-1";"-1";"-1";"-1";"-1";"-1";"-1";"-1";"-1";"-1";"-1";"-1";"-1";"-1";"-1";"-1";"-1";"-1";"-1";"-1";"-1";"-1";"-1";"-1";"-1";"-1";"-1";"-1";"-1";"-1";"-1";"-1";"-1";"-1";"-1";"-1";"-1";"-1"
"12/01/2016";"17:31:49";"-1";"-1";"-1";"-1";"-1";"-1";"-1";"-1";"-1";"-1";"-1";"-1";"-1";"-1";"-1";"-1";"-1";"-1";"-1";"-1";"-1";"-1";"-1";"-1";"-1";"-1";"-1";"-1";"-1";"-1";"-1";"-1";"-1";"-1";"-1";"-1";"-1";"-1";"-1";"-1";"-1";"-1";"-1";"-1";"-1";"-1";"-1";"-1"
"12/01/2016";"17:31:50";"-1";"-1";"-1";"-1";"-1";"-1";"-1";"-1";"-1";"-1";"-1";"-1";"-1";"-1";"-1";"-1";"-1";"-1";"-1";"-1";"-1";"-1";"-1";"-1";"-1";"-1";"-1";"-1";"-1";"-1";"-1";"-1";"-1";"-1";"-1";"-1";"-1";"-1";"-1";"-1";"-1";"-1";"-1";"-1";"-1";"-1";"-1";"-1"
"12/01/2016";"17:31:51";"-1";"-1";"-1";"-1";"-1";"-1";"-1";"-1";"-1";"-1";"-1";"-1";"-1";"-1";"-1";"-1";"-1";"-1";"-1";"-1";"-1";"-1";"-1";"-1";"-1";"-1";"-1";"-1";"-1";"-1";"-1";"-1";"-1";"-1";"-1";"-1";"-1";"-1";"-1";"-1";"-1";"-1";"-1";"-1";"-1";"-1";"-1";"-1"
"12/01/2016";"17:31:52";"-1";"-1";"-1";"-1";"-1";"-1";"-1";"-1";"-1";"-1";"-1";"-1";"-1";"-1";"-1";"-1";"-1";"-1";"-1";"-1";"-1";"-1";"-1";"-1";"-1";"-1";"-1";"-1";"-1";"-1";"-1";"-1";"-1";"-1";"-1";"-1";"-1";"-1";"-1";"-1";"-1";"-1";"-1";"-1";"-1";"-1";"-1";"-1"
"12/01/2016";"17:31:53";"-1";"-1";"-1";"-1";"-1";"-1";"-1";"-1";"-1";"-1";"-1";"-1";"-1";"-1";"-1";"-1";"-1";"-1";"-1";"-1";"-1";"-1";"-1";"-1";"-1";"-1";"-1";"-1";"-1";"-1";"-1";"-1";"-1";"-1";"-1";"-1";"-1";"-1";"-1";"-1";"-1";"-1";"-1";"-1";"-1";"-1";"-1";"-1"
"12/01/2016";"17:31:54";"-1";"-1";"-1";"-1";"-1";"-1";"-1";"-1";"-1";"-1";"-1";"-1";"-1";"-1";"-1";"-1";"-1";"-1";"-1";"-1";"-1";"-1";"-1";"-1";"-1";"-1";"-1";"-1";"-1";"-1";"-1";"-1";"-1";"-1";"-1";"-1";"-1";"-1";"-1";"-1";"-1";"-1";"-1";"-1";"-1";"-1";"-1";"-1"
"12/01/2016";"17:31:55";"-1";"-1";"-1";"-1";"-1";"-1";"-1";"-1";"-1";"-1";"-1";"-1";"-1";"-1";"-1";"-1";"-1";"-1";"-1";"-1";"-1";"-1";"-1";"-1";"-1";"-1";"-1";"-1";"-1";"-1";"-1";"-1";"-1";"-1";"-1";"-1";"-1";"-1";"-1";"-1";"-1";"-1";"-1";"-1";"-1";"-1";"-1";"-1"
"12/01/2016";"17:31:56";"-1";"-1";"-1";"-1";"-1";"-1";"-1";"-1";"-1";"-1";"-1";"-1";"-1";"-1";"-1";"-1";"-1";"-1";"-1";"-1";"-1";"-1";"-1";"-1";"-1";"-1";"-1";"-1";"-1";"-1";"-1";"-1";"-1";"-1";"-1";"-1";"-1";"-1";"-1";"-1";"-1";"-1";"-1";"-1";"-1";"-1";"-1";"-1"
"12/01/2016";"17:31:57";"-1";"-1";"-1";"-1";"-1";"-1";"-1";"-1";"-1";"-1";"-1";"-1";"-1";"-1";"-1";"-1";"-1";"-1";"-1";"-1";"-1";"-1";"-1";"-1";"-1";"-1";"-1";"-1";"-1";"-1";"-1";"-1";"-1";"-1";"-1";"-1";"-1";"-1";"-1";"-1";"-1";"-1";"-1";"-1";"-1";"-1";"-1";"-1"
"12/01/2016";"17:31:58";"-1";"-1";"-1";"-1";"-1";"-1";"-1";"-1";"-1";"-1";"-1";"-1";"-1";"-1";"-1";"-1";"-1";"-1";"-1";"-1";"-1";"-1";"-1";"-1";"-1";"-1";"-1";"-1";"-1";"-1";"-1";"-1";"-1";"-1";"-1";"-1";"-1";"-1";"-1";"-1";"-1";"-1";"-1";"-1";"-1";"-1";"-1";"-1"
"12/01/2016";"17:31:59";"-1";"-1";"-1";"-1";"-1";"-1";"-1";"-1";"-1";"-1";"-1";"-1";"-1";"-1";"-1";"-1";"-1";"-1";"-1";"-1";"-1";"-1";"-1";"-1";"-1";"-1";"-1";"-1";"-1";"-1";"-1";"-1";"-1";"-1";"-1";"-1";"-1";"-1";"-1";"-1";"-1";"-1";"-1";"-1";"-1";"-1";"-1";"-1"
"12/01/2016";"17:32:00";"-1";"-1";"-1";"-1";"-1";"-1";"-1";"-1";"-1";"-1";"-1";"-1";"-1";"-1";"-1";"-1";"-1";"-1";"-1";"-1";"-1";"-1";"-1";"-1";"-1";"-1";"-1";"-1";"-1";"-1";"-1";"-1";"-1";"-1";"-1";"-1";"-1";"-1";"-1";"-1";"-1";"-1";"-1";"-1";"-1";"-1";"-1";"-1"
"12/01/2016";"17:32:01";"-1";"-1";"-1";"-1";"-1";"-1";"-1";"-1";"-1";"-1";"-1";"-1";"-1";"-1";"-1";"-1";"-1";"-1";"-1";"-1";"-1";"-1";"-1";"-1";"-1";"-1";"-1";"-1";"-1";"-1";"-1";"-1";"-1";"-1";"-1";"-1";"-1";"-1";"-1";"-1";"-1";"-1";"-1";"-1";"-1";"-1";"-1";"-1"
"12/01/2016";"17:32:02";"-1";"-1";"-1";"-1";"-1";"-1";"-1";"-1";"-1";"-1";"-1";"-1";"-1";"-1";"-1";"-1";"-1";"-1";"-1";"-1";"-1";"-1";"-1";"-1";"-1";"-1";"-1";"-1";"-1";"-1";"-1";"-1";"-1";"-1";"-1";"-1";"-1";"-1";"-1";"-1";"-1";"-1";"-1";"-1";"-1";"-1";"-1";"-1"
"12/01/2016";"17:32:23";"-1";"-1";"-1";"-1";"-1";"-1";"-1";"-1";"-1";"-1";"-1";"-1";"-1";"-1";"-1";"-1";"-1";"-1";"-1";"-1";"-1";"-1";"-1";"-1";"-1";"-1";"-1";"-1";"-1";"-1";"-1";"-1";"-1";"-1";"-1";"-1";"-1";"-1";"-1";"-1";"-1";"-1";"-1";"-1";"-1";"-1";"-1";"-1"
"12/01/2016";"17:32:24";"-1";"-1";"-1";"-1";"-1";"-1";"-1";"-1";"-1";"-1";"-1";"-1";"-1";"-1";"-1";"-1";"-1";"-1";"-1";"-1";"-1";"-1";"-1";"-1";"-1";"-1";"-1";"-1";"-1";"-1";"-1";"-1";"-1";"-1";"-1";"-1";"-1";"-1";"-1";"-1";"-1";"-1";"-1";"-1";"-1";"-1";"-1";"-1"
"12/01/2016";"17:32:25";"-1";"-1";"-1";"-1";"-1";"-1";"-1";"-1";"-1";"-1";"-1";"-1";"-1";"-1";"-1";"-1";"-1";"-1";"-1";"-1";"-1";"-1";"-1";"-1";"-1";"-1";"-1";"-1";"-1";"-1";"-1";"-1";"-1";"-1";"-1";"-1";"-1";"-1";"-1";"-1";"-1";"-1";"-1";"-1";"-1";"-1";"-1";"-1"
"12/01/2016";"17:32:26";"-1";"-1";"-1";"-1";"-1";"-1";"-1";"-1";"-1";"-1";"-1";"-1";"-1";"-1";"-1";"-1";"-1";"-1";"-1";"-1";"-1";"-1";"-1";"-1";"-1";"-1";"-1";"-1";"-1";"-1";"-1";"-1";"-1";"-1";"-1";"-1";"-1";"-1";"-1";"-1";"-1";"-1";"-1";"-1";"-1";"-1";"-1";"-1"
"12/01/2016";"17:32:27";"-1";"-1";"-1";"-1";"-1";"-1";"-1";"-1";"-1";"-1";"-1";"-1";"-1";"-1";"-1";"-1";"-1";"-1";"-1";"-1";"-1";"-1";"-1";"-1";"-1";"-1";"-1";"-1";"-1";"-1";"-1";"-1";"-1";"-1";"-1";"-1";"-1";"-1";"-1";"-1";"-1";"-1";"-1";"-1";"-1";"-1";"-1";"-1"
"12/01/2016";"17:32:28";"-1";"-1";"-1";"-1";"-1";"-1";"-1";"-1";"-1";"-1";"-1";"-1";"-1";"-1";"-1";"-1";"-1";"-1";"-1";"-1";"-1";"-1";"-1";"-1";"-1";"-1";"-1";"-1";"-1";"-1";"-1";"-1";"-1";"-1";"-1";"-1";"-1";"-1";"-1";"-1";"-1";"-1";"-1";"-1";"-1";"-1";"-1";"-1"
"12/01/2016";"17:32:29";"-1";"-1";"-1";"-1";"-1";"-1";"-1";"-1";"-1";"-1";"-1";"-1";"-1";"-1";"-1";"-1";"-1";"-1";"-1";"-1";"-1";"-1";"-1";"-1";"-1";"-1";"-1";"-1";"-1";"-1";"-1";"-1";"-1";"-1";"-1";"-1";"-1";"-1";"-1";"-1";"-1";"-1";"-1";"-1";"-1";"-1";"-1";"-1"
"12/01/2016";"17:32:30";"-1";"-1";"-1";"-1";"-1";"-1";"-1";"-1";"-1";"-1";"-1";"-1";"-1";"-1";"-1";"-1";"-1";"-1";"-1";"-1";"-1";"-1";"-1";"-1";"-1";"-1";"-1";"-1";"-1";"-1";"-1";"-1";"-1";"-1";"-1";"-1";"-1";"-1";"-1";"-1";"-1";"-1";"-1";"-1";"-1";"-1";"-1";"-1"
"12/01/2016";"17:32:31";"-1";"-1";"-1";"-1";"-1";"-1";"-1";"-1";"-1";"-1";"-1";"-1";"-1";"-1";"-1";"-1";"-1";"-1";"-1";"-1";"-1";"-1";"-1";"-1";"-1";"-1";"-1";"-1";"-1";"-1";"-1";"-1";"-1";"-1";"-1";"-1";"-1";"-1";"-1";"-1";"-1";"-1";"-1";"-1";"-1";"-1";"-1";"-1"
"12/01/2016";"17:32:32";"-1";"-1";"-1";"-1";"-1";"-1";"-1";"-1";"-1";"-1";"-1";"-1";"-1";"-1";"-1";"-1";"-1";"-1";"-1";"-1";"-1";"-1";"-1";"-1";"-1";"-1";"-1";"-1";"-1";"-1";"-1";"-1";"-1";"-1";"-1";"-1";"-1";"-1";"-1";"-1";"-1";"-1";"-1";"-1";"-1";"-1";"-1";"-1"
"12/01/2016";"17:32:33";"-1";"-1";"-1";"-1";"-1";"-1";"-1";"-1";"-1";"-1";"-1";"-1";"-1";"-1";"-1";"-1";"-1";"-1";"-1";"-1";"-1";"-1";"-1";"-1";"-1";"-1";"-1";"-1";"-1";"-1";"-1";"-1";"-1";"-1";"-1";"-1";"-1";"-1";"-1";"-1";"-1";"-1";"-1";"-1";"-1";"-1";"-1";"-1"
"12/01/2016";"17:32:34";"-1";"-1";"-1";"-1";"-1";"-1";"-1";"-1";"-1";"-1";"-1";"-1";"-1";"-1";"-1";"-1";"-1";"-1";"-1";"-1";"-1";"-1";"-1";"-1";"-1";"-1";"-1";"-1";"-1";"-1";"-1";"-1";"-1";"-1";"-1";"-1";"-1";"-1";"-1";"-1";"-1";"-1";"-1";"-1";"-1";"-1";"-1";"-1"
"12/01/2016";"17:32:35";"-1";"-1";"-1";"-1";"-1";"-1";"-1";"-1";"-1";"-1";"-1";"-1";"-1";"-1";"-1";"-1";"-1";"-1";"-1";"-1";"-1";"-1";"-1";"-1";"-1";"-1";"-1";"-1";"-1";"-1";"-1";"-1";"-1";"-1";"-1";"-1";"-1";"-1";"-1";"-1";"-1";"-1";"-1";"-1";"-1";"-1";"-1";"-1"
"12/01/2016";"17:32:36";"-1";"-1";"-1";"-1";"-1";"-1";"-1";"-1";"-1";"-1";"-1";"-1";"-1";"-1";"-1";"-1";"-1";"-1";"-1";"-1";"-1";"-1";"-1";"-1";"-1";"-1";"-1";"-1";"-1";"-1";"-1";"-1";"-1";"-1";"-1";"-1";"-1";"-1";"-1";"-1";"-1";"-1";"-1";"-1";"-1";"-1";"-1";"-1"
"12/01/2016";"17:32:37";"-1";"-1";"-1";"-1";"-1";"-1";"-1";"-1";"-1";"-1";"-1";"-1";"-1";"-1";"-1";"-1";"-1";"-1";"-1";"-1";"-1";"-1";"-1";"-1";"-1";"-1";"-1";"-1";"-1";"-1";"-1";"-1";"-1";"-1";"-1";"-1";"-1";"-1";"-1";"-1";"-1";"-1";"-1";"-1";"-1";"-1";"-1";"-1"
"12/01/2016";"17:32:38";"-1";"-1";"-1";"-1";"-1";"-1";"-1";"-1";"-1";"-1";"-1";"-1";"-1";"-1";"-1";"-1";"-1";"-1";"-1";"-1";"-1";"-1";"-1";"-1";"-1";"-1";"-1";"-1";"-1";"-1";"-1";"-1";"-1";"-1";"-1";"-1";"-1";"-1";"-1";"-1";"-1";"-1";"-1";"-1";"-1";"-1";"-1";"-1"
"12/01/2016";"17:32:39";"-1";"-1";"-1";"-1";"-1";"-1";"-1";"-1";"-1";"-1";"-1";"-1";"-1";"-1";"-1";"-1";"-1";"-1";"-1";"-1";"-1";"-1";"-1";"-1";"-1";"-1";"-1";"-1";"-1";"-1";"-1";"-1";"-1";"-1";"-1";"-1";"-1";"-1";"-1";"-1";"-1";"-1";"-1";"-1";"-1";"-1";"-1";"-1"
"12/01/2016";"17:32:40";"-1";"-1";"-1";"-1";"-1";"-1";"-1";"-1";"-1";"-1";"-1";"-1";"-1";"-1";"-1";"-1";"-1";"-1";"-1";"-1";"-1";"-1";"-1";"-1";"-1";"-1";"-1";"-1";"-1";"-1";"-1";"-1";"-1";"-1";"-1";"-1";"-1";"-1";"-1";"-1";"-1";"-1";"-1";"-1";"-1";"-1";"-1";"-1"
"12/01/2016";"17:32:41";"-1";"-1";"-1";"-1";"-1";"-1";"-1";"-1";"-1";"-1";"-1";"-1";"-1";"-1";"-1";"-1";"-1";"-1";"-1";"-1";"-1";"-1";"-1";"-1";"-1";"-1";"-1";"-1";"-1";"-1";"-1";"-1";"-1";"-1";"-1";"-1";"-1";"-1";"-1";"-1";"-1";"-1";"-1";"-1";"-1";"-1";"-1";"-1"
"12/01/2016";"17:32:42";"-1";"-1";"-1";"-1";"-1";"-1";"-1";"-1";"-1";"-1";"-1";"-1";"-1";"-1";"-1";"-1";"-1";"-1";"-1";"-1";"-1";"-1";"-1";"-1";"-1";"-1";"-1";"-1";"-1";"-1";"-1";"-1";"-1";"-1";"-1";"-1";"-1";"-1";"-1";"-1";"-1";"-1";"-1";"-1";"-1";"-1";"-1";"-1"
"12/01/2016";"17:32:43";"-1";"-1";"-1";"-1";"-1";"-1";"-1";"-1";"-1";"-1";"-1";"-1";"-1";"-1";"-1";"-1";"-1";"-1";"-1";"-1";"-1";"-1";"-1";"-1";"-1";"-1";"-1";"-1";"-1";"-1";"-1";"-1";"-1";"-1";"-1";"-1";"-1";"-1";"-1";"-1";"-1";"-1";"-1";"-1";"-1";"-1";"-1";"-1"
"12/01/2016";"17:32:44";"-1";"-1";"-1";"-1";"-1";"-1";"-1";"-1";"-1";"-1";"-1";"-1";"-1";"-1";"-1";"-1";"-1";"-1";"-1";"-1";"-1";"-1";"-1";"-1";"-1";"-1";"-1";"-1";"-1";"-1";"-1";"-1";"-1";"-1";"-1";"-1";"-1";"-1";"-1";"-1";"-1";"-1";"-1";"-1";"-1";"-1";"-1";"-1"
"12/01/2016";"17:32:45";"-1";"-1";"-1";"-1";"-1";"-1";"-1";"-1";"-1";"-1";"-1";"-1";"-1";"-1";"-1";"-1";"-1";"-1";"-1";"-1";"-1";"-1";"-1";"-1";"-1";"-1";"-1";"-1";"-1";"-1";"-1";"-1";"-1";"-1";"-1";"-1";"-1";"-1";"-1";"-1";"-1";"-1";"-1";"-1";"-1";"-1";"-1";"-1"
"12/01/2016";"17:32:46";"-1";"-1";"-1";"-1";"-1";"-1";"-1";"-1";"-1";"-1";"-1";"-1";"-1";"-1";"-1";"-1";"-1";"-1";"-1";"-1";"-1";"-1";"-1";"-1";"-1";"-1";"-1";"-1";"-1";"-1";"-1";"-1";"-1";"-1";"-1";"-1";"-1";"-1";"-1";"-1";"-1";"-1";"-1";"-1";"-1";"-1";"-1";"-1"
"12/01/2016";"17:32:47";"-1";"-1";"-1";"-1";"-1";"-1";"-1";"-1";"-1";"-1";"-1";"-1";"-1";"-1";"-1";"-1";"-1";"-1";"-1";"-1";"-1";"-1";"-1";"-1";"-1";"-1";"-1";"-1";"-1";"-1";"-1";"-1";"-1";"-1";"-1";"-1";"-1";"-1";"-1";"-1";"-1";"-1";"-1";"-1";"-1";"-1";"-1";"-1"
"12/01/2016";"17:32:48";"-1";"-1";"-1";"-1";"-1";"-1";"-1";"-1";"-1";"-1";"-1";"-1";"-1";"-1";"-1";"-1";"-1";"-1";"-1";"-1";"-1";"-1";"-1";"-1";"-1";"-1";"-1";"-1";"-1";"-1";"-1";"-1";"-1";"-1";"-1";"-1";"-1";"-1";"-1";"-1";"-1";"-1";"-1";"-1";"-1";"-1";"-1";"-1"
"12/01/2016";"17:32:49";"-1";"-1";"-1";"-1";"-1";"-1";"-1";"-1";"-1";"-1";"-1";"-1";"-1";"-1";"-1";"-1";"-1";"-1";"-1";"-1";"-1";"-1";"-1";"-1";"-1";"-1";"-1";"-1";"-1";"-1";"-1";"-1";"-1";"-1";"-1";"-1";"-1";"-1";"-1";"-1";"-1";"-1";"-1";"-1";"-1";"-1";"-1";"-1"
"12/01/2016";"17:32:50";"-1";"-1";"-1";"-1";"-1";"-1";"-1";"-1";"-1";"-1";"-1";"-1";"-1";"-1";"-1";"-1";"-1";"-1";"-1";"-1";"-1";"-1";"-1";"-1";"-1";"-1";"-1";"-1";"-1";"-1";"-1";"-1";"-1";"-1";"-1";"-1";"-1";"-1";"-1";"-1";"-1";"-1";"-1";"-1";"-1";"-1";"-1";"-1"
"12/01/2016";"17:32:51";"-1";"-1";"-1";"-1";"-1";"-1";"-1";"-1";"-1";"-1";"-1";"-1";"-1";"-1";"-1";"-1";"-1";"-1";"-1";"-1";"-1";"-1";"-1";"-1";"-1";"-1";"-1";"-1";"-1";"-1";"-1";"-1";"-1";"-1";"-1";"-1";"-1";"-1";"-1";"-1";"-1";"-1";"-1";"-1";"-1";"-1";"-1";"-1"
"12/01/2016";"17:32:52";"-1";"-1";"-1";"-1";"-1";"-1";"-1";"-1";"-1";"-1";"-1";"-1";"-1";"-1";"-1";"-1";"-1";"-1";"-1";"-1";"-1";"-1";"-1";"-1";"-1";"-1";"-1";"-1";"-1";"-1";"-1";"-1";"-1";"-1";"-1";"-1";"-1";"-1";"-1";"-1";"-1";"-1";"-1";"-1";"-1";"-1";"-1";"-1"
"12/01/2016";"17:32:53";"-1";"-1";"-1";"-1";"-1";"-1";"-1";"-1";"-1";"-1";"-1";"-1";"-1";"-1";"-1";"-1";"-1";"-1";"-1";"-1";"-1";"-1";"-1";"-1";"-1";"-1";"-1";"-1";"-1";"-1";"-1";"-1";"-1";"-1";"-1";"-1";"-1";"-1";"-1";"-1";"-1";"-1";"-1";"-1";"-1";"-1";"-1";"-1"
"12/01/2016";"17:32:54";"-1";"-1";"-1";"-1";"-1";"-1";"-1";"-1";"-1";"-1";"-1";"-1";"-1";"-1";"-1";"-1";"-1";"-1";"-1";"-1";"-1";"-1";"-1";"-1";"-1";"-1";"-1";"-1";"-1";"-1";"-1";"-1";"-1";"-1";"-1";"-1";"-1";"-1";"-1";"-1";"-1";"-1";"-1";"-1";"-1";"-1";"-1";"-1"
"12/01/2016";"17:32:55";"-1";"-1";"-1";"-1";"-1";"-1";"-1";"-1";"-1";"-1";"-1";"-1";"-1";"-1";"-1";"-1";"-1";"-1";"-1";"-1";"-1";"-1";"-1";"-1";"-1";"-1";"-1";"-1";"-1";"-1";"-1";"-1";"-1";"-1";"-1";"-1";"-1";"-1";"-1";"-1";"-1";"-1";"-1";"-1";"-1";"-1";"-1";"-1"
"12/01/2016";"17:32:56";"-1";"-1";"-1";"-1";"-1";"-1";"-1";"-1";"-1";"-1";"-1";"-1";"-1";"-1";"-1";"-1";"-1";"-1";"-1";"-1";"-1";"-1";"-1";"-1";"-1";"-1";"-1";"-1";"-1";"-1";"-1";"-1";"-1";"-1";"-1";"-1";"-1";"-1";"-1";"-1";"-1";"-1";"-1";"-1";"-1";"-1";"-1";"-1"
"12/01/2016";"17:32:57";"-1";"-1";"-1";"-1";"-1";"-1";"-1";"-1";"-1";"-1";"-1";"-1";"-1";"-1";"-1";"-1";"-1";"-1";"-1";"-1";"-1";"-1";"-1";"-1";"-1";"-1";"-1";"-1";"-1";"-1";"-1";"-1";"-1";"-1";"-1";"-1";"-1";"-1";"-1";"-1";"-1";"-1";"-1";"-1";"-1";"-1";"-1";"-1"
"12/01/2016";"17:32:58";"-1";"-1";"-1";"-1";"-1";"-1";"-1";"-1";"-1";"-1";"-1";"-1";"-1";"-1";"-1";"-1";"-1";"-1";"-1";"-1";"-1";"-1";"-1";"-1";"-1";"-1";"-1";"-1";"-1";"-1";"-1";"-1";"-1";"-1";"-1";"-1";"-1";"-1";"-1";"-1";"-1";"-1";"-1";"-1";"-1";"-1";"-1";"-1"
"12/01/2016";"17:32:59";"-1";"-1";"-1";"-1";"-1";"-1";"-1";"-1";"-1";"-1";"-1";"-1";"-1";"-1";"-1";"-1";"-1";"-1";"-1";"-1";"-1";"-1";"-1";"-1";"-1";"-1";"-1";"-1";"-1";"-1";"-1";"-1";"-1";"-1";"-1";"-1";"-1";"-1";"-1";"-1";"-1";"-1";"-1";"-1";"-1";"-1";"-1";"-1"
"12/01/2016";"17:33:00";"-1";"-1";"-1";"-1";"-1";"-1";"-1";"-1";"-1";"-1";"-1";"-1";"-1";"-1";"-1";"-1";"-1";"-1";"-1";"-1";"-1";"-1";"-1";"-1";"-1";"-1";"-1";"-1";"-1";"-1";"-1";"-1";"-1";"-1";"-1";"-1";"-1";"-1";"-1";"-1";"-1";"-1";"-1";"-1";"-1";"-1";"-1";"-1"
"12/01/2016";"17:33:01";"-1";"-1";"-1";"-1";"-1";"-1";"-1";"-1";"-1";"-1";"-1";"-1";"-1";"-1";"-1";"-1";"-1";"-1";"-1";"-1";"-1";"-1";"-1";"-1";"-1";"-1";"-1";"-1";"-1";"-1";"-1";"-1";"-1";"-1";"-1";"-1";"-1";"-1";"-1";"-1";"-1";"-1";"-1";"-1";"-1";"-1";"-1";"-1"
"12/01/2016";"17:33:02";"-1";"-1";"-1";"-1";"-1";"-1";"-1";"-1";"-1";"-1";"-1";"-1";"-1";"-1";"-1";"-1";"-1";"-1";"-1";"-1";"-1";"-1";"-1";"-1";"-1";"-1";"-1";"-1";"-1";"-1";"-1";"-1";"-1";"-1";"-1";"-1";"-1";"-1";"-1";"-1";"-1";"-1";"-1";"-1";"-1";"-1";"-1";"-1"
"12/01/2016";"17:33:23";"-1";"-1";"-1";"-1";"-1";"-1";"-1";"-1";"-1";"-1";"-1";"-1";"-1";"-1";"-1";"-1";"-1";"-1";"-1";"-1";"-1";"-1";"-1";"-1";"-1";"-1";"-1";"-1";"-1";"-1";"-1";"-1";"-1";"-1";"-1";"-1";"-1";"-1";"-1";"-1";"-1";"-1";"-1";"-1";"-1";"-1";"-1";"-1"
"12/01/2016";"17:33:24";"-1";"-1";"-1";"-1";"-1";"-1";"-1";"-1";"-1";"-1";"-1";"-1";"-1";"-1";"-1";"-1";"-1";"-1";"-1";"-1";"-1";"-1";"-1";"-1";"-1";"-1";"-1";"-1";"-1";"-1";"-1";"-1";"-1";"-1";"-1";"-1";"-1";"-1";"-1";"-1";"-1";"-1";"-1";"-1";"-1";"-1";"-1";"-1"
"12/01/2016";"17:33:25";"-1";"-1";"-1";"-1";"-1";"-1";"-1";"-1";"-1";"-1";"-1";"-1";"-1";"-1";"-1";"-1";"-1";"-1";"-1";"-1";"-1";"-1";"-1";"-1";"-1";"-1";"-1";"-1";"-1";"-1";"-1";"-1";"-1";"-1";"-1";"-1";"-1";"-1";"-1";"-1";"-1";"-1";"-1";"-1";"-1";"-1";"-1";"-1"
"12/01/2016";"17:33:26";"-1";"-1";"-1";"-1";"-1";"-1";"-1";"-1";"-1";"-1";"-1";"-1";"-1";"-1";"-1";"-1";"-1";"-1";"-1";"-1";"-1";"-1";"-1";"-1";"-1";"-1";"-1";"-1";"-1";"-1";"-1";"-1";"-1";"-1";"-1";"-1";"-1";"-1";"-1";"-1";"-1";"-1";"-1";"-1";"-1";"-1";"-1";"-1"
"12/01/2016";"17:33:27";"-1";"-1";"-1";"-1";"-1";"-1";"-1";"-1";"-1";"-1";"-1";"-1";"-1";"-1";"-1";"-1";"-1";"-1";"-1";"-1";"-1";"-1";"-1";"-1";"-1";"-1";"-1";"-1";"-1";"-1";"-1";"-1";"-1";"-1";"-1";"-1";"-1";"-1";"-1";"-1";"-1";"-1";"-1";"-1";"-1";"-1";"-1";"-1"
"12/01/2016";"17:33:28";"-1";"-1";"-1";"-1";"-1";"-1";"-1";"-1";"-1";"-1";"-1";"-1";"-1";"-1";"-1";"-1";"-1";"-1";"-1";"-1";"-1";"-1";"-1";"-1";"-1";"-1";"-1";"-1";"-1";"-1";"-1";"-1";"-1";"-1";"-1";"-1";"-1";"-1";"-1";"-1";"-1";"-1";"-1";"-1";"-1";"-1";"-1";"-1"
"12/01/2016";"17:33:29";"-1";"-1";"-1";"-1";"-1";"-1";"-1";"-1";"-1";"-1";"-1";"-1";"-1";"-1";"-1";"-1";"-1";"-1";"-1";"-1";"-1";"-1";"-1";"-1";"-1";"-1";"-1";"-1";"-1";"-1";"-1";"-1";"-1";"-1";"-1";"-1";"-1";"-1";"-1";"-1";"-1";"-1";"-1";"-1";"-1";"-1";"-1";"-1"
"12/01/2016";"17:33:30";"-1";"-1";"-1";"-1";"-1";"-1";"-1";"-1";"-1";"-1";"-1";"-1";"-1";"-1";"-1";"-1";"-1";"-1";"-1";"-1";"-1";"-1";"-1";"-1";"-1";"-1";"-1";"-1";"-1";"-1";"-1";"-1";"-1";"-1";"-1";"-1";"-1";"-1";"-1";"-1";"-1";"-1";"-1";"-1";"-1";"-1";"-1";"-1"
"12/01/2016";"17:33:31";"-1";"-1";"-1";"-1";"-1";"-1";"-1";"-1";"-1";"-1";"-1";"-1";"-1";"-1";"-1";"-1";"-1";"-1";"-1";"-1";"-1";"-1";"-1";"-1";"-1";"-1";"-1";"-1";"-1";"-1";"-1";"-1";"-1";"-1";"-1";"-1";"-1";"-1";"-1";"-1";"-1";"-1";"-1";"-1";"-1";"-1";"-1";"-1"
"12/01/2016";"17:33:32";"-1";"-1";"-1";"-1";"-1";"-1";"-1";"-1";"-1";"-1";"-1";"-1";"-1";"-1";"-1";"-1";"-1";"-1";"-1";"-1";"-1";"-1";"-1";"-1";"-1";"-1";"-1";"-1";"-1";"-1";"-1";"-1";"-1";"-1";"-1";"-1";"-1";"-1";"-1";"-1";"-1";"-1";"-1";"-1";"-1";"-1";"-1";"-1"
"12/01/2016";"17:33:33";"-1";"-1";"-1";"-1";"-1";"-1";"-1";"-1";"-1";"-1";"-1";"-1";"-1";"-1";"-1";"-1";"-1";"-1";"-1";"-1";"-1";"-1";"-1";"-1";"-1";"-1";"-1";"-1";"-1";"-1";"-1";"-1";"-1";"-1";"-1";"-1";"-1";"-1";"-1";"-1";"-1";"-1";"-1";"-1";"-1";"-1";"-1";"-1"
"12/01/2016";"17:33:34";"-1";"-1";"-1";"-1";"-1";"-1";"-1";"-1";"-1";"-1";"-1";"-1";"-1";"-1";"-1";"-1";"-1";"-1";"-1";"-1";"-1";"-1";"-1";"-1";"-1";"-1";"-1";"-1";"-1";"-1";"-1";"-1";"-1";"-1";"-1";"-1";"-1";"-1";"-1";"-1";"-1";"-1";"-1";"-1";"-1";"-1";"-1";"-1"
"12/01/2016";"17:33:35";"-1";"-1";"-1";"-1";"-1";"-1";"-1";"-1";"-1";"-1";"-1";"-1";"-1";"-1";"-1";"-1";"-1";"-1";"-1";"-1";"-1";"-1";"-1";"-1";"-1";"-1";"-1";"-1";"-1";"-1";"-1";"-1";"-1";"-1";"-1";"-1";"-1";"-1";"-1";"-1";"-1";"-1";"-1";"-1";"-1";"-1";"-1";"-1"
"12/01/2016";"17:33:36";"-1";"-1";"-1";"-1";"-1";"-1";"-1";"-1";"-1";"-1";"-1";"-1";"-1";"-1";"-1";"-1";"-1";"-1";"-1";"-1";"-1";"-1";"-1";"-1";"-1";"-1";"-1";"-1";"-1";"-1";"-1";"-1";"-1";"-1";"-1";"-1";"-1";"-1";"-1";"-1";"-1";"-1";"-1";"-1";"-1";"-1";"-1";"-1"
"12/01/2016";"17:33:37";"-1";"-1";"-1";"-1";"-1";"-1";"-1";"-1";"-1";"-1";"-1";"-1";"-1";"-1";"-1";"-1";"-1";"-1";"-1";"-1";"-1";"-1";"-1";"-1";"-1";"-1";"-1";"-1";"-1";"-1";"-1";"-1";"-1";"-1";"-1";"-1";"-1";"-1";"-1";"-1";"-1";"-1";"-1";"-1";"-1";"-1";"-1";"-1"
"12/01/2016";"17:33:38";"-1";"-1";"-1";"-1";"-1";"-1";"-1";"-1";"-1";"-1";"-1";"-1";"-1";"-1";"-1";"-1";"-1";"-1";"-1";"-1";"-1";"-1";"-1";"-1";"-1";"-1";"-1";"-1";"-1";"-1";"-1";"-1";"-1";"-1";"-1";"-1";"-1";"-1";"-1";"-1";"-1";"-1";"-1";"-1";"-1";"-1";"-1";"-1"
"12/01/2016";"17:33:39";"-1";"-1";"-1";"-1";"-1";"-1";"-1";"-1";"-1";"-1";"-1";"-1";"-1";"-1";"-1";"-1";"-1";"-1";"-1";"-1";"-1";"-1";"-1";"-1";"-1";"-1";"-1";"-1";"-1";"-1";"-1";"-1";"-1";"-1";"-1";"-1";"-1";"-1";"-1";"-1";"-1";"-1";"-1";"-1";"-1";"-1";"-1";"-1"
"12/01/2016";"17:33:40";"-1";"-1";"-1";"-1";"-1";"-1";"-1";"-1";"-1";"-1";"-1";"-1";"-1";"-1";"-1";"-1";"-1";"-1";"-1";"-1";"-1";"-1";"-1";"-1";"-1";"-1";"-1";"-1";"-1";"-1";"-1";"-1";"-1";"-1";"-1";"-1";"-1";"-1";"-1";"-1";"-1";"-1";"-1";"-1";"-1";"-1";"-1";"-1"
"12/01/2016";"17:33:41";"-1";"-1";"-1";"-1";"-1";"-1";"-1";"-1";"-1";"-1";"-1";"-1";"-1";"-1";"-1";"-1";"-1";"-1";"-1";"-1";"-1";"-1";"-1";"-1";"-1";"-1";"-1";"-1";"-1";"-1";"-1";"-1";"-1";"-1";"-1";"-1";"-1";"-1";"-1";"-1";"-1";"-1";"-1";"-1";"-1";"-1";"-1";"-1"
"12/01/2016";"17:33:42";"-1";"-1";"-1";"-1";"-1";"-1";"-1";"-1";"-1";"-1";"-1";"-1";"-1";"-1";"-1";"-1";"-1";"-1";"-1";"-1";"-1";"-1";"-1";"-1";"-1";"-1";"-1";"-1";"-1";"-1";"-1";"-1";"-1";"-1";"-1";"-1";"-1";"-1";"-1";"-1";"-1";"-1";"-1";"-1";"-1";"-1";"-1";"-1"
"12/01/2016";"17:33:43";"-1";"-1";"-1";"-1";"-1";"-1";"-1";"-1";"-1";"-1";"-1";"-1";"-1";"-1";"-1";"-1";"-1";"-1";"-1";"-1";"-1";"-1";"-1";"-1";"-1";"-1";"-1";"-1";"-1";"-1";"-1";"-1";"-1";"-1";"-1";"-1";"-1";"-1";"-1";"-1";"-1";"-1";"-1";"-1";"-1";"-1";"-1";"-1"
"12/01/2016";"17:33:44";"-1";"-1";"-1";"-1";"-1";"-1";"-1";"-1";"-1";"-1";"-1";"-1";"-1";"-1";"-1";"-1";"-1";"-1";"-1";"-1";"-1";"-1";"-1";"-1";"-1";"-1";"-1";"-1";"-1";"-1";"-1";"-1";"-1";"-1";"-1";"-1";"-1";"-1";"-1";"-1";"-1";"-1";"-1";"-1";"-1";"-1";"-1";"-1"
"12/01/2016";"17:33:45";"-1";"-1";"-1";"-1";"-1";"-1";"-1";"-1";"-1";"-1";"-1";"-1";"-1";"-1";"-1";"-1";"-1";"-1";"-1";"-1";"-1";"-1";"-1";"-1";"-1";"-1";"-1";"-1";"-1";"-1";"-1";"-1";"-1";"-1";"-1";"-1";"-1";"-1";"-1";"-1";"-1";"-1";"-1";"-1";"-1";"-1";"-1";"-1"
"12/01/2016";"17:33:46";"-1";"-1";"-1";"-1";"-1";"-1";"-1";"-1";"-1";"-1";"-1";"-1";"-1";"-1";"-1";"-1";"-1";"-1";"-1";"-1";"-1";"-1";"-1";"-1";"-1";"-1";"-1";"-1";"-1";"-1";"-1";"-1";"-1";"-1";"-1";"-1";"-1";"-1";"-1";"-1";"-1";"-1";"-1";"-1";"-1";"-1";"-1";"-1"
"12/01/2016";"17:33:47";"-1";"-1";"-1";"-1";"-1";"-1";"-1";"-1";"-1";"-1";"-1";"-1";"-1";"-1";"-1";"-1";"-1";"-1";"-1";"-1";"-1";"-1";"-1";"-1";"-1";"-1";"-1";"-1";"-1";"-1";"-1";"-1";"-1";"-1";"-1";"-1";"-1";"-1";"-1";"-1";"-1";"-1";"-1";"-1";"-1";"-1";"-1";"-1"
"12/01/2016";"17:33:48";"-1";"-1";"-1";"-1";"-1";"-1";"-1";"-1";"-1";"-1";"-1";"-1";"-1";"-1";"-1";"-1";"-1";"-1";"-1";"-1";"-1";"-1";"-1";"-1";"-1";"-1";"-1";"-1";"-1";"-1";"-1";"-1";"-1";"-1";"-1";"-1";"-1";"-1";"-1";"-1";"-1";"-1";"-1";"-1";"-1";"-1";"-1";"-1"
"12/01/2016";"17:33:49";"-1";"-1";"-1";"-1";"-1";"-1";"-1";"-1";"-1";"-1";"-1";"-1";"-1";"-1";"-1";"-1";"-1";"-1";"-1";"-1";"-1";"-1";"-1";"-1";"-1";"-1";"-1";"-1";"-1";"-1";"-1";"-1";"-1";"-1";"-1";"-1";"-1";"-1";"-1";"-1";"-1";"-1";"-1";"-1";"-1";"-1";"-1";"-1"
"12/01/2016";"17:33:50";"-1";"-1";"-1";"-1";"-1";"-1";"-1";"-1";"-1";"-1";"-1";"-1";"-1";"-1";"-1";"-1";"-1";"-1";"-1";"-1";"-1";"-1";"-1";"-1";"-1";"-1";"-1";"-1";"-1";"-1";"-1";"-1";"-1";"-1";"-1";"-1";"-1";"-1";"-1";"-1";"-1";"-1";"-1";"-1";"-1";"-1";"-1";"-1"
"12/01/2016";"17:33:51";"-1";"-1";"-1";"-1";"-1";"-1";"-1";"-1";"-1";"-1";"-1";"-1";"-1";"-1";"-1";"-1";"-1";"-1";"-1";"-1";"-1";"-1";"-1";"-1";"-1";"-1";"-1";"-1";"-1";"-1";"-1";"-1";"-1";"-1";"-1";"-1";"-1";"-1";"-1";"-1";"-1";"-1";"-1";"-1";"-1";"-1";"-1";"-1"
"12/01/2016";"17:33:52";"-1";"-1";"-1";"-1";"-1";"-1";"-1";"-1";"-1";"-1";"-1";"-1";"-1";"-1";"-1";"-1";"-1";"-1";"-1";"-1";"-1";"-1";"-1";"-1";"-1";"-1";"-1";"-1";"-1";"-1";"-1";"-1";"-1";"-1";"-1";"-1";"-1";"-1";"-1";"-1";"-1";"-1";"-1";"-1";"-1";"-1";"-1";"-1"
"12/01/2016";"17:33:53";"-1";"-1";"-1";"-1";"-1";"-1";"-1";"-1";"-1";"-1";"-1";"-1";"-1";"-1";"-1";"-1";"-1";"-1";"-1";"-1";"-1";"-1";"-1";"-1";"-1";"-1";"-1";"-1";"-1";"-1";"-1";"-1";"-1";"-1";"-1";"-1";"-1";"-1";"-1";"-1";"-1";"-1";"-1";"-1";"-1";"-1";"-1";"-1"
"12/01/2016";"17:33:54";"-1";"-1";"-1";"-1";"-1";"-1";"-1";"-1";"-1";"-1";"-1";"-1";"-1";"-1";"-1";"-1";"-1";"-1";"-1";"-1";"-1";"-1";"-1";"-1";"-1";"-1";"-1";"-1";"-1";"-1";"-1";"-1";"-1";"-1";"-1";"-1";"-1";"-1";"-1";"-1";"-1";"-1";"-1";"-1";"-1";"-1";"-1";"-1"
"12/01/2016";"17:33:55";"-1";"-1";"-1";"-1";"-1";"-1";"-1";"-1";"-1";"-1";"-1";"-1";"-1";"-1";"-1";"-1";"-1";"-1";"-1";"-1";"-1";"-1";"-1";"-1";"-1";"-1";"-1";"-1";"-1";"-1";"-1";"-1";"-1";"-1";"-1";"-1";"-1";"-1";"-1";"-1";"-1";"-1";"-1";"-1";"-1";"-1";"-1";"-1"
"12/01/2016";"17:33:56";"-1";"-1";"-1";"-1";"-1";"-1";"-1";"-1";"-1";"-1";"-1";"-1";"-1";"-1";"-1";"-1";"-1";"-1";"-1";"-1";"-1";"-1";"-1";"-1";"-1";"-1";"-1";"-1";"-1";"-1";"-1";"-1";"-1";"-1";"-1";"-1";"-1";"-1";"-1";"-1";"-1";"-1";"-1";"-1";"-1";"-1";"-1";"-1"
"12/01/2016";"17:33:57";"-1";"-1";"-1";"-1";"-1";"-1";"-1";"-1";"-1";"-1";"-1";"-1";"-1";"-1";"-1";"-1";"-1";"-1";"-1";"-1";"-1";"-1";"-1";"-1";"-1";"-1";"-1";"-1";"-1";"-1";"-1";"-1";"-1";"-1";"-1";"-1";"-1";"-1";"-1";"-1";"-1";"-1";"-1";"-1";"-1";"-1";"-1";"-1"
"12/01/2016";"17:33:58";"-1";"-1";"-1";"-1";"-1";"-1";"-1";"-1";"-1";"-1";"-1";"-1";"-1";"-1";"-1";"-1";"-1";"-1";"-1";"-1";"-1";"-1";"-1";"-1";"-1";"-1";"-1";"-1";"-1";"-1";"-1";"-1";"-1";"-1";"-1";"-1";"-1";"-1";"-1";"-1";"-1";"-1";"-1";"-1";"-1";"-1";"-1";"-1"
"12/01/2016";"17:33:59";"-1";"-1";"-1";"-1";"-1";"-1";"-1";"-1";"-1";"-1";"-1";"-1";"-1";"-1";"-1";"-1";"-1";"-1";"-1";"-1";"-1";"-1";"-1";"-1";"-1";"-1";"-1";"-1";"-1";"-1";"-1";"-1";"-1";"-1";"-1";"-1";"-1";"-1";"-1";"-1";"-1";"-1";"-1";"-1";"-1";"-1";"-1";"-1"
"12/01/2016";"17:34:00";"-1";"-1";"-1";"-1";"-1";"-1";"-1";"-1";"-1";"-1";"-1";"-1";"-1";"-1";"-1";"-1";"-1";"-1";"-1";"-1";"-1";"-1";"-1";"-1";"-1";"-1";"-1";"-1";"-1";"-1";"-1";"-1";"-1";"-1";"-1";"-1";"-1";"-1";"-1";"-1";"-1";"-1";"-1";"-1";"-1";"-1";"-1";"-1"
"12/01/2016";"17:34:01";"-1";"-1";"-1";"-1";"-1";"-1";"-1";"-1";"-1";"-1";"-1";"-1";"-1";"-1";"-1";"-1";"-1";"-1";"-1";"-1";"-1";"-1";"-1";"-1";"-1";"-1";"-1";"-1";"-1";"-1";"-1";"-1";"-1";"-1";"-1";"-1";"-1";"-1";"-1";"-1";"-1";"-1";"-1";"-1";"-1";"-1";"-1";"-1"
"12/01/2016";"17:34:02";"-1";"-1";"-1";"-1";"-1";"-1";"-1";"-1";"-1";"-1";"-1";"-1";"-1";"-1";"-1";"-1";"-1";"-1";"-1";"-1";"-1";"-1";"-1";"-1";"-1";"-1";"-1";"-1";"-1";"-1";"-1";"-1";"-1";"-1";"-1";"-1";"-1";"-1";"-1";"-1";"-1";"-1";"-1";"-1";"-1";"-1";"-1";"-1"
"12/01/2016";"17:34:23";"-1";"-1";"-1";"-1";"-1";"-1";"-1";"-1";"-1";"-1";"-1";"-1";"-1";"-1";"-1";"-1";"-1";"-1";"-1";"-1";"-1";"-1";"-1";"-1";"-1";"-1";"-1";"-1";"-1";"-1";"-1";"-1";"-1";"-1";"-1";"-1";"-1";"-1";"-1";"-1";"-1";"-1";"-1";"-1";"-1";"-1";"-1";"-1"
"12/01/2016";"17:34:24";"-1";"-1";"-1";"-1";"-1";"-1";"-1";"-1";"-1";"-1";"-1";"-1";"-1";"-1";"-1";"-1";"-1";"-1";"-1";"-1";"-1";"-1";"-1";"-1";"-1";"-1";"-1";"-1";"-1";"-1";"-1";"-1";"-1";"-1";"-1";"-1";"-1";"-1";"-1";"-1";"-1";"-1";"-1";"-1";"-1";"-1";"-1";"-1"
"12/01/2016";"17:34:25";"-1";"-1";"-1";"-1";"-1";"-1";"-1";"-1";"-1";"-1";"-1";"-1";"-1";"-1";"-1";"-1";"-1";"-1";"-1";"-1";"-1";"-1";"-1";"-1";"-1";"-1";"-1";"-1";"-1";"-1";"-1";"-1";"-1";"-1";"-1";"-1";"-1";"-1";"-1";"-1";"-1";"-1";"-1";"-1";"-1";"-1";"-1";"-1"
"12/01/2016";"17:34:26";"-1";"-1";"-1";"-1";"-1";"-1";"-1";"-1";"-1";"-1";"-1";"-1";"-1";"-1";"-1";"-1";"-1";"-1";"-1";"-1";"-1";"-1";"-1";"-1";"-1";"-1";"-1";"-1";"-1";"-1";"-1";"-1";"-1";"-1";"-1";"-1";"-1";"-1";"-1";"-1";"-1";"-1";"-1";"-1";"-1";"-1";"-1";"-1"
"12/01/2016";"17:34:27";"-1";"-1";"-1";"-1";"-1";"-1";"-1";"-1";"-1";"-1";"-1";"-1";"-1";"-1";"-1";"-1";"-1";"-1";"-1";"-1";"-1";"-1";"-1";"-1";"-1";"-1";"-1";"-1";"-1";"-1";"-1";"-1";"-1";"-1";"-1";"-1";"-1";"-1";"-1";"-1";"-1";"-1";"-1";"-1";"-1";"-1";"-1";"-1"
"12/01/2016";"17:34:28";"-1";"-1";"-1";"-1";"-1";"-1";"-1";"-1";"-1";"-1";"-1";"-1";"-1";"-1";"-1";"-1";"-1";"-1";"-1";"-1";"-1";"-1";"-1";"-1";"-1";"-1";"-1";"-1";"-1";"-1";"-1";"-1";"-1";"-1";"-1";"-1";"-1";"-1";"-1";"-1";"-1";"-1";"-1";"-1";"-1";"-1";"-1";"-1"
"12/01/2016";"17:34:29";"-1";"-1";"-1";"-1";"-1";"-1";"-1";"-1";"-1";"-1";"-1";"-1";"-1";"-1";"-1";"-1";"-1";"-1";"-1";"-1";"-1";"-1";"-1";"-1";"-1";"-1";"-1";"-1";"-1";"-1";"-1";"-1";"-1";"-1";"-1";"-1";"-1";"-1";"-1";"-1";"-1";"-1";"-1";"-1";"-1";"-1";"-1";"-1"
"12/01/2016";"17:34:30";"-1";"-1";"-1";"-1";"-1";"-1";"-1";"-1";"-1";"-1";"-1";"-1";"-1";"-1";"-1";"-1";"-1";"-1";"-1";"-1";"-1";"-1";"-1";"-1";"-1";"-1";"-1";"-1";"-1";"-1";"-1";"-1";"-1";"-1";"-1";"-1";"-1";"-1";"-1";"-1";"-1";"-1";"-1";"-1";"-1";"-1";"-1";"-1"
"12/01/2016";"17:34:31";"-1";"-1";"-1";"-1";"-1";"-1";"-1";"-1";"-1";"-1";"-1";"-1";"-1";"-1";"-1";"-1";"-1";"-1";"-1";"-1";"-1";"-1";"-1";"-1";"-1";"-1";"-1";"-1";"-1";"-1";"-1";"-1";"-1";"-1";"-1";"-1";"-1";"-1";"-1";"-1";"-1";"-1";"-1";"-1";"-1";"-1";"-1";"-1"
"12/01/2016";"17:34:32";"-1";"-1";"-1";"-1";"-1";"-1";"-1";"-1";"-1";"-1";"-1";"-1";"-1";"-1";"-1";"-1";"-1";"-1";"-1";"-1";"-1";"-1";"-1";"-1";"-1";"-1";"-1";"-1";"-1";"-1";"-1";"-1";"-1";"-1";"-1";"-1";"-1";"-1";"-1";"-1";"-1";"-1";"-1";"-1";"-1";"-1";"-1";"-1"
"12/01/2016";"17:34:33";"-1";"-1";"-1";"-1";"-1";"-1";"-1";"-1";"-1";"-1";"-1";"-1";"-1";"-1";"-1";"-1";"-1";"-1";"-1";"-1";"-1";"-1";"-1";"-1";"-1";"-1";"-1";"-1";"-1";"-1";"-1";"-1";"-1";"-1";"-1";"-1";"-1";"-1";"-1";"-1";"-1";"-1";"-1";"-1";"-1";"-1";"-1";"-1"
"12/01/2016";"17:34:34";"-1";"-1";"-1";"-1";"-1";"-1";"-1";"-1";"-1";"-1";"-1";"-1";"-1";"-1";"-1";"-1";"-1";"-1";"-1";"-1";"-1";"-1";"-1";"-1";"-1";"-1";"-1";"-1";"-1";"-1";"-1";"-1";"-1";"-1";"-1";"-1";"-1";"-1";"-1";"-1";"-1";"-1";"-1";"-1";"-1";"-1";"-1";"-1"
"12/01/2016";"17:34:35";"-1";"-1";"-1";"-1";"-1";"-1";"-1";"-1";"-1";"-1";"-1";"-1";"-1";"-1";"-1";"-1";"-1";"-1";"-1";"-1";"-1";"-1";"-1";"-1";"-1";"-1";"-1";"-1";"-1";"-1";"-1";"-1";"-1";"-1";"-1";"-1";"-1";"-1";"-1";"-1";"-1";"-1";"-1";"-1";"-1";"-1";"-1";"-1"
"12/01/2016";"17:34:36";"-1";"-1";"-1";"-1";"-1";"-1";"-1";"-1";"-1";"-1";"-1";"-1";"-1";"-1";"-1";"-1";"-1";"-1";"-1";"-1";"-1";"-1";"-1";"-1";"-1";"-1";"-1";"-1";"-1";"-1";"-1";"-1";"-1";"-1";"-1";"-1";"-1";"-1";"-1";"-1";"-1";"-1";"-1";"-1";"-1";"-1";"-1";"-1"
"12/01/2016";"17:34:37";"-1";"-1";"-1";"-1";"-1";"-1";"-1";"-1";"-1";"-1";"-1";"-1";"-1";"-1";"-1";"-1";"-1";"-1";"-1";"-1";"-1";"-1";"-1";"-1";"-1";"-1";"-1";"-1";"-1";"-1";"-1";"-1";"-1";"-1";"-1";"-1";"-1";"-1";"-1";"-1";"-1";"-1";"-1";"-1";"-1";"-1";"-1";"-1"
"12/01/2016";"17:34:38";"-1";"-1";"-1";"-1";"-1";"-1";"-1";"-1";"-1";"-1";"-1";"-1";"-1";"-1";"-1";"-1";"-1";"-1";"-1";"-1";"-1";"-1";"-1";"-1";"-1";"-1";"-1";"-1";"-1";"-1";"-1";"-1";"-1";"-1";"-1";"-1";"-1";"-1";"-1";"-1";"-1";"-1";"-1";"-1";"-1";"-1";"-1";"-1"
"12/01/2016";"17:34:39";"-1";"-1";"-1";"-1";"-1";"-1";"-1";"-1";"-1";"-1";"-1";"-1";"-1";"-1";"-1";"-1";"-1";"-1";"-1";"-1";"-1";"-1";"-1";"-1";"-1";"-1";"-1";"-1";"-1";"-1";"-1";"-1";"-1";"-1";"-1";"-1";"-1";"-1";"-1";"-1";"-1";"-1";"-1";"-1";"-1";"-1";"-1";"-1"
"12/01/2016";"17:34:40";"-1";"-1";"-1";"-1";"-1";"-1";"-1";"-1";"-1";"-1";"-1";"-1";"-1";"-1";"-1";"-1";"-1";"-1";"-1";"-1";"-1";"-1";"-1";"-1";"-1";"-1";"-1";"-1";"-1";"-1";"-1";"-1";"-1";"-1";"-1";"-1";"-1";"-1";"-1";"-1";"-1";"-1";"-1";"-1";"-1";"-1";"-1";"-1"
"12/01/2016";"17:34:41";"-1";"-1";"-1";"-1";"-1";"-1";"-1";"-1";"-1";"-1";"-1";"-1";"-1";"-1";"-1";"-1";"-1";"-1";"-1";"-1";"-1";"-1";"-1";"-1";"-1";"-1";"-1";"-1";"-1";"-1";"-1";"-1";"-1";"-1";"-1";"-1";"-1";"-1";"-1";"-1";"-1";"-1";"-1";"-1";"-1";"-1";"-1";"-1"
"12/01/2016";"17:34:42";"-1";"-1";"-1";"-1";"-1";"-1";"-1";"-1";"-1";"-1";"-1";"-1";"-1";"-1";"-1";"-1";"-1";"-1";"-1";"-1";"-1";"-1";"-1";"-1";"-1";"-1";"-1";"-1";"-1";"-1";"-1";"-1";"-1";"-1";"-1";"-1";"-1";"-1";"-1";"-1";"-1";"-1";"-1";"-1";"-1";"-1";"-1";"-1"
"12/01/2016";"17:34:43";"-1";"-1";"-1";"-1";"-1";"-1";"-1";"-1";"-1";"-1";"-1";"-1";"-1";"-1";"-1";"-1";"-1";"-1";"-1";"-1";"-1";"-1";"-1";"-1";"-1";"-1";"-1";"-1";"-1";"-1";"-1";"-1";"-1";"-1";"-1";"-1";"-1";"-1";"-1";"-1";"-1";"-1";"-1";"-1";"-1";"-1";"-1";"-1"
"12/01/2016";"17:34:44";"-1";"-1";"-1";"-1";"-1";"-1";"-1";"-1";"-1";"-1";"-1";"-1";"-1";"-1";"-1";"-1";"-1";"-1";"-1";"-1";"-1";"-1";"-1";"-1";"-1";"-1";"-1";"-1";"-1";"-1";"-1";"-1";"-1";"-1";"-1";"-1";"-1";"-1";"-1";"-1";"-1";"-1";"-1";"-1";"-1";"-1";"-1";"-1"
"12/01/2016";"17:34:45";"-1";"-1";"-1";"-1";"-1";"-1";"-1";"-1";"-1";"-1";"-1";"-1";"-1";"-1";"-1";"-1";"-1";"-1";"-1";"-1";"-1";"-1";"-1";"-1";"-1";"-1";"-1";"-1";"-1";"-1";"-1";"-1";"-1";"-1";"-1";"-1";"-1";"-1";"-1";"-1";"-1";"-1";"-1";"-1";"-1";"-1";"-1";"-1"
"12/01/2016";"17:34:46";"-1";"-1";"-1";"-1";"-1";"-1";"-1";"-1";"-1";"-1";"-1";"-1";"-1";"-1";"-1";"-1";"-1";"-1";"-1";"-1";"-1";"-1";"-1";"-1";"-1";"-1";"-1";"-1";"-1";"-1";"-1";"-1";"-1";"-1";"-1";"-1";"-1";"-1";"-1";"-1";"-1";"-1";"-1";"-1";"-1";"-1";"-1";"-1"
"12/01/2016";"17:34:47";"-1";"-1";"-1";"-1";"-1";"-1";"-1";"-1";"-1";"-1";"-1";"-1";"-1";"-1";"-1";"-1";"-1";"-1";"-1";"-1";"-1";"-1";"-1";"-1";"-1";"-1";"-1";"-1";"-1";"-1";"-1";"-1";"-1";"-1";"-1";"-1";"-1";"-1";"-1";"-1";"-1";"-1";"-1";"-1";"-1";"-1";"-1";"-1"
"12/01/2016";"17:34:48";"-1";"-1";"-1";"-1";"-1";"-1";"-1";"-1";"-1";"-1";"-1";"-1";"-1";"-1";"-1";"-1";"-1";"-1";"-1";"-1";"-1";"-1";"-1";"-1";"-1";"-1";"-1";"-1";"-1";"-1";"-1";"-1";"-1";"-1";"-1";"-1";"-1";"-1";"-1";"-1";"-1";"-1";"-1";"-1";"-1";"-1";"-1";"-1"
"12/01/2016";"17:34:49";"-1";"-1";"-1";"-1";"-1";"-1";"-1";"-1";"-1";"-1";"-1";"-1";"-1";"-1";"-1";"-1";"-1";"-1";"-1";"-1";"-1";"-1";"-1";"-1";"-1";"-1";"-1";"-1";"-1";"-1";"-1";"-1";"-1";"-1";"-1";"-1";"-1";"-1";"-1";"-1";"-1";"-1";"-1";"-1";"-1";"-1";"-1";"-1"
"12/01/2016";"17:34:50";"-1";"-1";"-1";"-1";"-1";"-1";"-1";"-1";"-1";"-1";"-1";"-1";"-1";"-1";"-1";"-1";"-1";"-1";"-1";"-1";"-1";"-1";"-1";"-1";"-1";"-1";"-1";"-1";"-1";"-1";"-1";"-1";"-1";"-1";"-1";"-1";"-1";"-1";"-1";"-1";"-1";"-1";"-1";"-1";"-1";"-1";"-1";"-1"
"12/01/2016";"17:34:51";"-1";"-1";"-1";"-1";"-1";"-1";"-1";"-1";"-1";"-1";"-1";"-1";"-1";"-1";"-1";"-1";"-1";"-1";"-1";"-1";"-1";"-1";"-1";"-1";"-1";"-1";"-1";"-1";"-1";"-1";"-1";"-1";"-1";"-1";"-1";"-1";"-1";"-1";"-1";"-1";"-1";"-1";"-1";"-1";"-1";"-1";"-1";"-1"
"12/01/2016";"17:34:52";"-1";"-1";"-1";"-1";"-1";"-1";"-1";"-1";"-1";"-1";"-1";"-1";"-1";"-1";"-1";"-1";"-1";"-1";"-1";"-1";"-1";"-1";"-1";"-1";"-1";"-1";"-1";"-1";"-1";"-1";"-1";"-1";"-1";"-1";"-1";"-1";"-1";"-1";"-1";"-1";"-1";"-1";"-1";"-1";"-1";"-1";"-1";"-1"
"12/01/2016";"17:34:53";"-1";"-1";"-1";"-1";"-1";"-1";"-1";"-1";"-1";"-1";"-1";"-1";"-1";"-1";"-1";"-1";"-1";"-1";"-1";"-1";"-1";"-1";"-1";"-1";"-1";"-1";"-1";"-1";"-1";"-1";"-1";"-1";"-1";"-1";"-1";"-1";"-1";"-1";"-1";"-1";"-1";"-1";"-1";"-1";"-1";"-1";"-1";"-1"
"12/01/2016";"17:34:54";"-1";"-1";"-1";"-1";"-1";"-1";"-1";"-1";"-1";"-1";"-1";"-1";"-1";"-1";"-1";"-1";"-1";"-1";"-1";"-1";"-1";"-1";"-1";"-1";"-1";"-1";"-1";"-1";"-1";"-1";"-1";"-1";"-1";"-1";"-1";"-1";"-1";"-1";"-1";"-1";"-1";"-1";"-1";"-1";"-1";"-1";"-1";"-1"
"12/01/2016";"17:34:55";"-1";"-1";"-1";"-1";"-1";"-1";"-1";"-1";"-1";"-1";"-1";"-1";"-1";"-1";"-1";"-1";"-1";"-1";"-1";"-1";"-1";"-1";"-1";"-1";"-1";"-1";"-1";"-1";"-1";"-1";"-1";"-1";"-1";"-1";"-1";"-1";"-1";"-1";"-1";"-1";"-1";"-1";"-1";"-1";"-1";"-1";"-1";"-1"
"12/01/2016";"17:34:56";"-1";"-1";"-1";"-1";"-1";"-1";"-1";"-1";"-1";"-1";"-1";"-1";"-1";"-1";"-1";"-1";"-1";"-1";"-1";"-1";"-1";"-1";"-1";"-1";"-1";"-1";"-1";"-1";"-1";"-1";"-1";"-1";"-1";"-1";"-1";"-1";"-1";"-1";"-1";"-1";"-1";"-1";"-1";"-1";"-1";"-1";"-1";"-1"
"12/01/2016";"17:34:57";"-1";"-1";"-1";"-1";"-1";"-1";"-1";"-1";"-1";"-1";"-1";"-1";"-1";"-1";"-1";"-1";"-1";"-1";"-1";"-1";"-1";"-1";"-1";"-1";"-1";"-1";"-1";"-1";"-1";"-1";"-1";"-1";"-1";"-1";"-1";"-1";"-1";"-1";"-1";"-1";"-1";"-1";"-1";"-1";"-1";"-1";"-1";"-1"
"12/01/2016";"17:34:58";"-1";"-1";"-1";"-1";"-1";"-1";"-1";"-1";"-1";"-1";"-1";"-1";"-1";"-1";"-1";"-1";"-1";"-1";"-1";"-1";"-1";"-1";"-1";"-1";"-1";"-1";"-1";"-1";"-1";"-1";"-1";"-1";"-1";"-1";"-1";"-1";"-1";"-1";"-1";"-1";"-1";"-1";"-1";"-1";"-1";"-1";"-1";"-1"
"12/01/2016";"17:34:59";"-1";"-1";"-1";"-1";"-1";"-1";"-1";"-1";"-1";"-1";"-1";"-1";"-1";"-1";"-1";"-1";"-1";"-1";"-1";"-1";"-1";"-1";"-1";"-1";"-1";"-1";"-1";"-1";"-1";"-1";"-1";"-1";"-1";"-1";"-1";"-1";"-1";"-1";"-1";"-1";"-1";"-1";"-1";"-1";"-1";"-1";"-1";"-1"
"12/01/2016";"17:35:00";"-1";"-1";"-1";"-1";"-1";"-1";"-1";"-1";"-1";"-1";"-1";"-1";"-1";"-1";"-1";"-1";"-1";"-1";"-1";"-1";"-1";"-1";"-1";"-1";"-1";"-1";"-1";"-1";"-1";"-1";"-1";"-1";"-1";"-1";"-1";"-1";"-1";"-1";"-1";"-1";"-1";"-1";"-1";"-1";"-1";"-1";"-1";"-1"
"12/01/2016";"17:35:01";"-1";"-1";"-1";"-1";"-1";"-1";"-1";"-1";"-1";"-1";"-1";"-1";"-1";"-1";"-1";"-1";"-1";"-1";"-1";"-1";"-1";"-1";"-1";"-1";"-1";"-1";"-1";"-1";"-1";"-1";"-1";"-1";"-1";"-1";"-1";"-1";"-1";"-1";"-1";"-1";"-1";"-1";"-1";"-1";"-1";"-1";"-1";"-1"
"12/01/2016";"17:35:02";"-1";"-1";"-1";"-1";"-1";"-1";"-1";"-1";"-1";"-1";"-1";"-1";"-1";"-1";"-1";"-1";"-1";"-1";"-1";"-1";"-1";"-1";"-1";"-1";"-1";"-1";"-1";"-1";"-1";"-1";"-1";"-1";"-1";"-1";"-1";"-1";"-1";"-1";"-1";"-1";"-1";"-1";"-1";"-1";"-1";"-1";"-1";"-1"
"12/01/2016";"17:35:23";"-1";"-1";"-1";"-1";"-1";"-1";"-1";"-1";"-1";"-1";"-1";"-1";"-1";"-1";"-1";"-1";"-1";"-1";"-1";"-1";"-1";"-1";"-1";"-1";"-1";"-1";"-1";"-1";"-1";"-1";"-1";"-1";"-1";"-1";"-1";"-1";"-1";"-1";"-1";"-1";"-1";"-1";"-1";"-1";"-1";"-1";"-1";"-1"
"12/01/2016";"17:35:24";"-1";"-1";"-1";"-1";"-1";"-1";"-1";"-1";"-1";"-1";"-1";"-1";"-1";"-1";"-1";"-1";"-1";"-1";"-1";"-1";"-1";"-1";"-1";"-1";"-1";"-1";"-1";"-1";"-1";"-1";"-1";"-1";"-1";"-1";"-1";"-1";"-1";"-1";"-1";"-1";"-1";"-1";"-1";"-1";"-1";"-1";"-1";"-1"
"12/01/2016";"17:35:25";"-1";"-1";"-1";"-1";"-1";"-1";"-1";"-1";"-1";"-1";"-1";"-1";"-1";"-1";"-1";"-1";"-1";"-1";"-1";"-1";"-1";"-1";"-1";"-1";"-1";"-1";"-1";"-1";"-1";"-1";"-1";"-1";"-1";"-1";"-1";"-1";"-1";"-1";"-1";"-1";"-1";"-1";"-1";"-1";"-1";"-1";"-1";"-1"
"12/01/2016";"17:35:26";"-1";"-1";"-1";"-1";"-1";"-1";"-1";"-1";"-1";"-1";"-1";"-1";"-1";"-1";"-1";"-1";"-1";"-1";"-1";"-1";"-1";"-1";"-1";"-1";"-1";"-1";"-1";"-1";"-1";"-1";"-1";"-1";"-1";"-1";"-1";"-1";"-1";"-1";"-1";"-1";"-1";"-1";"-1";"-1";"-1";"-1";"-1";"-1"
"12/01/2016";"17:35:27";"-1";"-1";"-1";"-1";"-1";"-1";"-1";"-1";"-1";"-1";"-1";"-1";"-1";"-1";"-1";"-1";"-1";"-1";"-1";"-1";"-1";"-1";"-1";"-1";"-1";"-1";"-1";"-1";"-1";"-1";"-1";"-1";"-1";"-1";"-1";"-1";"-1";"-1";"-1";"-1";"-1";"-1";"-1";"-1";"-1";"-1";"-1";"-1"
"12/01/2016";"17:35:28";"-1";"-1";"-1";"-1";"-1";"-1";"-1";"-1";"-1";"-1";"-1";"-1";"-1";"-1";"-1";"-1";"-1";"-1";"-1";"-1";"-1";"-1";"-1";"-1";"-1";"-1";"-1";"-1";"-1";"-1";"-1";"-1";"-1";"-1";"-1";"-1";"-1";"-1";"-1";"-1";"-1";"-1";"-1";"-1";"-1";"-1";"-1";"-1"
"12/01/2016";"17:35:29";"-1";"-1";"-1";"-1";"-1";"-1";"-1";"-1";"-1";"-1";"-1";"-1";"-1";"-1";"-1";"-1";"-1";"-1";"-1";"-1";"-1";"-1";"-1";"-1";"-1";"-1";"-1";"-1";"-1";"-1";"-1";"-1";"-1";"-1";"-1";"-1";"-1";"-1";"-1";"-1";"-1";"-1";"-1";"-1";"-1";"-1";"-1";"-1"
"12/01/2016";"17:35:30";"-1";"-1";"-1";"-1";"-1";"-1";"-1";"-1";"-1";"-1";"-1";"-1";"-1";"-1";"-1";"-1";"-1";"-1";"-1";"-1";"-1";"-1";"-1";"-1";"-1";"-1";"-1";"-1";"-1";"-1";"-1";"-1";"-1";"-1";"-1";"-1";"-1";"-1";"-1";"-1";"-1";"-1";"-1";"-1";"-1";"-1";"-1";"-1"
"12/01/2016";"17:35:31";"-1";"-1";"-1";"-1";"-1";"-1";"-1";"-1";"-1";"-1";"-1";"-1";"-1";"-1";"-1";"-1";"-1";"-1";"-1";"-1";"-1";"-1";"-1";"-1";"-1";"-1";"-1";"-1";"-1";"-1";"-1";"-1";"-1";"-1";"-1";"-1";"-1";"-1";"-1";"-1";"-1";"-1";"-1";"-1";"-1";"-1";"-1";"-1"
"12/01/2016";"17:35:32";"-1";"-1";"-1";"-1";"-1";"-1";"-1";"-1";"-1";"-1";"-1";"-1";"-1";"-1";"-1";"-1";"-1";"-1";"-1";"-1";"-1";"-1";"-1";"-1";"-1";"-1";"-1";"-1";"-1";"-1";"-1";"-1";"-1";"-1";"-1";"-1";"-1";"-1";"-1";"-1";"-1";"-1";"-1";"-1";"-1";"-1";"-1";"-1"
"12/01/2016";"17:35:33";"-1";"-1";"-1";"-1";"-1";"-1";"-1";"-1";"-1";"-1";"-1";"-1";"-1";"-1";"-1";"-1";"-1";"-1";"-1";"-1";"-1";"-1";"-1";"-1";"-1";"-1";"-1";"-1";"-1";"-1";"-1";"-1";"-1";"-1";"-1";"-1";"-1";"-1";"-1";"-1";"-1";"-1";"-1";"-1";"-1";"-1";"-1";"-1"
"12/01/2016";"17:35:34";"-1";"-1";"-1";"-1";"-1";"-1";"-1";"-1";"-1";"-1";"-1";"-1";"-1";"-1";"-1";"-1";"-1";"-1";"-1";"-1";"-1";"-1";"-1";"-1";"-1";"-1";"-1";"-1";"-1";"-1";"-1";"-1";"-1";"-1";"-1";"-1";"-1";"-1";"-1";"-1";"-1";"-1";"-1";"-1";"-1";"-1";"-1";"-1"
"12/01/2016";"17:35:35";"-1";"-1";"-1";"-1";"-1";"-1";"-1";"-1";"-1";"-1";"-1";"-1";"-1";"-1";"-1";"-1";"-1";"-1";"-1";"-1";"-1";"-1";"-1";"-1";"-1";"-1";"-1";"-1";"-1";"-1";"-1";"-1";"-1";"-1";"-1";"-1";"-1";"-1";"-1";"-1";"-1";"-1";"-1";"-1";"-1";"-1";"-1";"-1"
"12/01/2016";"17:35:36";"-1";"-1";"-1";"-1";"-1";"-1";"-1";"-1";"-1";"-1";"-1";"-1";"-1";"-1";"-1";"-1";"-1";"-1";"-1";"-1";"-1";"-1";"-1";"-1";"-1";"-1";"-1";"-1";"-1";"-1";"-1";"-1";"-1";"-1";"-1";"-1";"-1";"-1";"-1";"-1";"-1";"-1";"-1";"-1";"-1";"-1";"-1";"-1"
"12/01/2016";"17:35:37";"-1";"-1";"-1";"-1";"-1";"-1";"-1";"-1";"-1";"-1";"-1";"-1";"-1";"-1";"-1";"-1";"-1";"-1";"-1";"-1";"-1";"-1";"-1";"-1";"-1";"-1";"-1";"-1";"-1";"-1";"-1";"-1";"-1";"-1";"-1";"-1";"-1";"-1";"-1";"-1";"-1";"-1";"-1";"-1";"-1";"-1";"-1";"-1"
"12/01/2016";"17:35:38";"-1";"-1";"-1";"-1";"-1";"-1";"-1";"-1";"-1";"-1";"-1";"-1";"-1";"-1";"-1";"-1";"-1";"-1";"-1";"-1";"-1";"-1";"-1";"-1";"-1";"-1";"-1";"-1";"-1";"-1";"-1";"-1";"-1";"-1";"-1";"-1";"-1";"-1";"-1";"-1";"-1";"-1";"-1";"-1";"-1";"-1";"-1";"-1"
"12/01/2016";"17:35:39";"-1";"-1";"-1";"-1";"-1";"-1";"-1";"-1";"-1";"-1";"-1";"-1";"-1";"-1";"-1";"-1";"-1";"-1";"-1";"-1";"-1";"-1";"-1";"-1";"-1";"-1";"-1";"-1";"-1";"-1";"-1";"-1";"-1";"-1";"-1";"-1";"-1";"-1";"-1";"-1";"-1";"-1";"-1";"-1";"-1";"-1";"-1";"-1"
"12/01/2016";"17:35:40";"-1";"-1";"-1";"-1";"-1";"-1";"-1";"-1";"-1";"-1";"-1";"-1";"-1";"-1";"-1";"-1";"-1";"-1";"-1";"-1";"-1";"-1";"-1";"-1";"-1";"-1";"-1";"-1";"-1";"-1";"-1";"-1";"-1";"-1";"-1";"-1";"-1";"-1";"-1";"-1";"-1";"-1";"-1";"-1";"-1";"-1";"-1";"-1"
"12/01/2016";"17:35:41";"-1";"-1";"-1";"-1";"-1";"-1";"-1";"-1";"-1";"-1";"-1";"-1";"-1";"-1";"-1";"-1";"-1";"-1";"-1";"-1";"-1";"-1";"-1";"-1";"-1";"-1";"-1";"-1";"-1";"-1";"-1";"-1";"-1";"-1";"-1";"-1";"-1";"-1";"-1";"-1";"-1";"-1";"-1";"-1";"-1";"-1";"-1";"-1"
"12/01/2016";"17:35:42";"-1";"-1";"-1";"-1";"-1";"-1";"-1";"-1";"-1";"-1";"-1";"-1";"-1";"-1";"-1";"-1";"-1";"-1";"-1";"-1";"-1";"-1";"-1";"-1";"-1";"-1";"-1";"-1";"-1";"-1";"-1";"-1";"-1";"-1";"-1";"-1";"-1";"-1";"-1";"-1";"-1";"-1";"-1";"-1";"-1";"-1";"-1";"-1"
"12/01/2016";"17:35:43";"-1";"-1";"-1";"-1";"-1";"-1";"-1";"-1";"-1";"-1";"-1";"-1";"-1";"-1";"-1";"-1";"-1";"-1";"-1";"-1";"-1";"-1";"-1";"-1";"-1";"-1";"-1";"-1";"-1";"-1";"-1";"-1";"-1";"-1";"-1";"-1";"-1";"-1";"-1";"-1";"-1";"-1";"-1";"-1";"-1";"-1";"-1";"-1"
"12/01/2016";"17:35:44";"-1";"-1";"-1";"-1";"-1";"-1";"-1";"-1";"-1";"-1";"-1";"-1";"-1";"-1";"-1";"-1";"-1";"-1";"-1";"-1";"-1";"-1";"-1";"-1";"-1";"-1";"-1";"-1";"-1";"-1";"-1";"-1";"-1";"-1";"-1";"-1";"-1";"-1";"-1";"-1";"-1";"-1";"-1";"-1";"-1";"-1";"-1";"-1"
"12/01/2016";"17:35:45";"-1";"-1";"-1";"-1";"-1";"-1";"-1";"-1";"-1";"-1";"-1";"-1";"-1";"-1";"-1";"-1";"-1";"-1";"-1";"-1";"-1";"-1";"-1";"-1";"-1";"-1";"-1";"-1";"-1";"-1";"-1";"-1";"-1";"-1";"-1";"-1";"-1";"-1";"-1";"-1";"-1";"-1";"-1";"-1";"-1";"-1";"-1";"-1"
"12/01/2016";"17:35:46";"-1";"-1";"-1";"-1";"-1";"-1";"-1";"-1";"-1";"-1";"-1";"-1";"-1";"-1";"-1";"-1";"-1";"-1";"-1";"-1";"-1";"-1";"-1";"-1";"-1";"-1";"-1";"-1";"-1";"-1";"-1";"-1";"-1";"-1";"-1";"-1";"-1";"-1";"-1";"-1";"-1";"-1";"-1";"-1";"-1";"-1";"-1";"-1"
"12/01/2016";"17:35:47";"-1";"-1";"-1";"-1";"-1";"-1";"-1";"-1";"-1";"-1";"-1";"-1";"-1";"-1";"-1";"-1";"-1";"-1";"-1";"-1";"-1";"-1";"-1";"-1";"-1";"-1";"-1";"-1";"-1";"-1";"-1";"-1";"-1";"-1";"-1";"-1";"-1";"-1";"-1";"-1";"-1";"-1";"-1";"-1";"-1";"-1";"-1";"-1"
"12/01/2016";"17:35:48";"-1";"-1";"-1";"-1";"-1";"-1";"-1";"-1";"-1";"-1";"-1";"-1";"-1";"-1";"-1";"-1";"-1";"-1";"-1";"-1";"-1";"-1";"-1";"-1";"-1";"-1";"-1";"-1";"-1";"-1";"-1";"-1";"-1";"-1";"-1";"-1";"-1";"-1";"-1";"-1";"-1";"-1";"-1";"-1";"-1";"-1";"-1";"-1"
"12/01/2016";"17:35:49";"-1";"-1";"-1";"-1";"-1";"-1";"-1";"-1";"-1";"-1";"-1";"-1";"-1";"-1";"-1";"-1";"-1";"-1";"-1";"-1";"-1";"-1";"-1";"-1";"-1";"-1";"-1";"-1";"-1";"-1";"-1";"-1";"-1";"-1";"-1";"-1";"-1";"-1";"-1";"-1";"-1";"-1";"-1";"-1";"-1";"-1";"-1";"-1"
"12/01/2016";"17:35:50";"-1";"-1";"-1";"-1";"-1";"-1";"-1";"-1";"-1";"-1";"-1";"-1";"-1";"-1";"-1";"-1";"-1";"-1";"-1";"-1";"-1";"-1";"-1";"-1";"-1";"-1";"-1";"-1";"-1";"-1";"-1";"-1";"-1";"-1";"-1";"-1";"-1";"-1";"-1";"-1";"-1";"-1";"-1";"-1";"-1";"-1";"-1";"-1"
"12/01/2016";"17:35:51";"-1";"-1";"-1";"-1";"-1";"-1";"-1";"-1";"-1";"-1";"-1";"-1";"-1";"-1";"-1";"-1";"-1";"-1";"-1";"-1";"-1";"-1";"-1";"-1";"-1";"-1";"-1";"-1";"-1";"-1";"-1";"-1";"-1";"-1";"-1";"-1";"-1";"-1";"-1";"-1";"-1";"-1";"-1";"-1";"-1";"-1";"-1";"-1"
"12/01/2016";"17:35:52";"-1";"-1";"-1";"-1";"-1";"-1";"-1";"-1";"-1";"-1";"-1";"-1";"-1";"-1";"-1";"-1";"-1";"-1";"-1";"-1";"-1";"-1";"-1";"-1";"-1";"-1";"-1";"-1";"-1";"-1";"-1";"-1";"-1";"-1";"-1";"-1";"-1";"-1";"-1";"-1";"-1";"-1";"-1";"-1";"-1";"-1";"-1";"-1"
"12/01/2016";"17:35:53";"-1";"-1";"-1";"-1";"-1";"-1";"-1";"-1";"-1";"-1";"-1";"-1";"-1";"-1";"-1";"-1";"-1";"-1";"-1";"-1";"-1";"-1";"-1";"-1";"-1";"-1";"-1";"-1";"-1";"-1";"-1";"-1";"-1";"-1";"-1";"-1";"-1";"-1";"-1";"-1";"-1";"-1";"-1";"-1";"-1";"-1";"-1";"-1"
"12/01/2016";"17:35:54";"-1";"-1";"-1";"-1";"-1";"-1";"-1";"-1";"-1";"-1";"-1";"-1";"-1";"-1";"-1";"-1";"-1";"-1";"-1";"-1";"-1";"-1";"-1";"-1";"-1";"-1";"-1";"-1";"-1";"-1";"-1";"-1";"-1";"-1";"-1";"-1";"-1";"-1";"-1";"-1";"-1";"-1";"-1";"-1";"-1";"-1";"-1";"-1"
"12/01/2016";"17:35:55";"-1";"-1";"-1";"-1";"-1";"-1";"-1";"-1";"-1";"-1";"-1";"-1";"-1";"-1";"-1";"-1";"-1";"-1";"-1";"-1";"-1";"-1";"-1";"-1";"-1";"-1";"-1";"-1";"-1";"-1";"-1";"-1";"-1";"-1";"-1";"-1";"-1";"-1";"-1";"-1";"-1";"-1";"-1";"-1";"-1";"-1";"-1";"-1"
"12/01/2016";"17:35:56";"-1";"-1";"-1";"-1";"-1";"-1";"-1";"-1";"-1";"-1";"-1";"-1";"-1";"-1";"-1";"-1";"-1";"-1";"-1";"-1";"-1";"-1";"-1";"-1";"-1";"-1";"-1";"-1";"-1";"-1";"-1";"-1";"-1";"-1";"-1";"-1";"-1";"-1";"-1";"-1";"-1";"-1";"-1";"-1";"-1";"-1";"-1";"-1"
"12/01/2016";"17:35:57";"-1";"-1";"-1";"-1";"-1";"-1";"-1";"-1";"-1";"-1";"-1";"-1";"-1";"-1";"-1";"-1";"-1";"-1";"-1";"-1";"-1";"-1";"-1";"-1";"-1";"-1";"-1";"-1";"-1";"-1";"-1";"-1";"-1";"-1";"-1";"-1";"-1";"-1";"-1";"-1";"-1";"-1";"-1";"-1";"-1";"-1";"-1";"-1"
"12/01/2016";"17:35:58";"-1";"-1";"-1";"-1";"-1";"-1";"-1";"-1";"-1";"-1";"-1";"-1";"-1";"-1";"-1";"-1";"-1";"-1";"-1";"-1";"-1";"-1";"-1";"-1";"-1";"-1";"-1";"-1";"-1";"-1";"-1";"-1";"-1";"-1";"-1";"-1";"-1";"-1";"-1";"-1";"-1";"-1";"-1";"-1";"-1";"-1";"-1";"-1"
"12/01/2016";"17:35:59";"-1";"-1";"-1";"-1";"-1";"-1";"-1";"-1";"-1";"-1";"-1";"-1";"-1";"-1";"-1";"-1";"-1";"-1";"-1";"-1";"-1";"-1";"-1";"-1";"-1";"-1";"-1";"-1";"-1";"-1";"-1";"-1";"-1";"-1";"-1";"-1";"-1";"-1";"-1";"-1";"-1";"-1";"-1";"-1";"-1";"-1";"-1";"-1"
"12/01/2016";"17:36:00";"-1";"-1";"-1";"-1";"-1";"-1";"-1";"-1";"-1";"-1";"-1";"-1";"-1";"-1";"-1";"-1";"-1";"-1";"-1";"-1";"-1";"-1";"-1";"-1";"-1";"-1";"-1";"-1";"-1";"-1";"-1";"-1";"-1";"-1";"-1";"-1";"-1";"-1";"-1";"-1";"-1";"-1";"-1";"-1";"-1";"-1";"-1";"-1"
"12/01/2016";"17:36:01";"-1";"-1";"-1";"-1";"-1";"-1";"-1";"-1";"-1";"-1";"-1";"-1";"-1";"-1";"-1";"-1";"-1";"-1";"-1";"-1";"-1";"-1";"-1";"-1";"-1";"-1";"-1";"-1";"-1";"-1";"-1";"-1";"-1";"-1";"-1";"-1";"-1";"-1";"-1";"-1";"-1";"-1";"-1";"-1";"-1";"-1";"-1";"-1"
"12/01/2016";"17:36:02";"-1";"-1";"-1";"-1";"-1";"-1";"-1";"-1";"-1";"-1";"-1";"-1";"-1";"-1";"-1";"-1";"-1";"-1";"-1";"-1";"-1";"-1";"-1";"-1";"-1";"-1";"-1";"-1";"-1";"-1";"-1";"-1";"-1";"-1";"-1";"-1";"-1";"-1";"-1";"-1";"-1";"-1";"-1";"-1";"-1";"-1";"-1";"-1"
"12/01/2016";"17:36:23";"-1";"-1";"-1";"-1";"-1";"-1";"-1";"-1";"-1";"-1";"-1";"-1";"-1";"-1";"-1";"-1";"-1";"-1";"-1";"-1";"-1";"-1";"-1";"-1";"-1";"-1";"-1";"-1";"-1";"-1";"-1";"-1";"-1";"-1";"-1";"-1";"-1";"-1";"-1";"-1";"-1";"-1";"-1";"-1";"-1";"-1";"-1";"-1"
"12/01/2016";"17:36:24";"-1";"-1";"-1";"-1";"-1";"-1";"-1";"-1";"-1";"-1";"-1";"-1";"-1";"-1";"-1";"-1";"-1";"-1";"-1";"-1";"-1";"-1";"-1";"-1";"-1";"-1";"-1";"-1";"-1";"-1";"-1";"-1";"-1";"-1";"-1";"-1";"-1";"-1";"-1";"-1";"-1";"-1";"-1";"-1";"-1";"-1";"-1";"-1"
"12/01/2016";"17:36:25";"-1";"-1";"-1";"-1";"-1";"-1";"-1";"-1";"-1";"-1";"-1";"-1";"-1";"-1";"-1";"-1";"-1";"-1";"-1";"-1";"-1";"-1";"-1";"-1";"-1";"-1";"-1";"-1";"-1";"-1";"-1";"-1";"-1";"-1";"-1";"-1";"-1";"-1";"-1";"-1";"-1";"-1";"-1";"-1";"-1";"-1";"-1";"-1"
"12/01/2016";"17:36:26";"-1";"-1";"-1";"-1";"-1";"-1";"-1";"-1";"-1";"-1";"-1";"-1";"-1";"-1";"-1";"-1";"-1";"-1";"-1";"-1";"-1";"-1";"-1";"-1";"-1";"-1";"-1";"-1";"-1";"-1";"-1";"-1";"-1";"-1";"-1";"-1";"-1";"-1";"-1";"-1";"-1";"-1";"-1";"-1";"-1";"-1";"-1";"-1"
"12/01/2016";"17:36:27";"-1";"-1";"-1";"-1";"-1";"-1";"-1";"-1";"-1";"-1";"-1";"-1";"-1";"-1";"-1";"-1";"-1";"-1";"-1";"-1";"-1";"-1";"-1";"-1";"-1";"-1";"-1";"-1";"-1";"-1";"-1";"-1";"-1";"-1";"-1";"-1";"-1";"-1";"-1";"-1";"-1";"-1";"-1";"-1";"-1";"-1";"-1";"-1"
"12/01/2016";"17:36:28";"-1";"-1";"-1";"-1";"-1";"-1";"-1";"-1";"-1";"-1";"-1";"-1";"-1";"-1";"-1";"-1";"-1";"-1";"-1";"-1";"-1";"-1";"-1";"-1";"-1";"-1";"-1";"-1";"-1";"-1";"-1";"-1";"-1";"-1";"-1";"-1";"-1";"-1";"-1";"-1";"-1";"-1";"-1";"-1";"-1";"-1";"-1";"-1"
"12/01/2016";"17:36:29";"-1";"-1";"-1";"-1";"-1";"-1";"-1";"-1";"-1";"-1";"-1";"-1";"-1";"-1";"-1";"-1";"-1";"-1";"-1";"-1";"-1";"-1";"-1";"-1";"-1";"-1";"-1";"-1";"-1";"-1";"-1";"-1";"-1";"-1";"-1";"-1";"-1";"-1";"-1";"-1";"-1";"-1";"-1";"-1";"-1";"-1";"-1";"-1"
"12/01/2016";"17:36:30";"-1";"-1";"-1";"-1";"-1";"-1";"-1";"-1";"-1";"-1";"-1";"-1";"-1";"-1";"-1";"-1";"-1";"-1";"-1";"-1";"-1";"-1";"-1";"-1";"-1";"-1";"-1";"-1";"-1";"-1";"-1";"-1";"-1";"-1";"-1";"-1";"-1";"-1";"-1";"-1";"-1";"-1";"-1";"-1";"-1";"-1";"-1";"-1"
"12/01/2016";"17:36:31";"-1";"-1";"-1";"-1";"-1";"-1";"-1";"-1";"-1";"-1";"-1";"-1";"-1";"-1";"-1";"-1";"-1";"-1";"-1";"-1";"-1";"-1";"-1";"-1";"-1";"-1";"-1";"-1";"-1";"-1";"-1";"-1";"-1";"-1";"-1";"-1";"-1";"-1";"-1";"-1";"-1";"-1";"-1";"-1";"-1";"-1";"-1";"-1"
"12/01/2016";"17:36:32";"-1";"-1";"-1";"-1";"-1";"-1";"-1";"-1";"-1";"-1";"-1";"-1";"-1";"-1";"-1";"-1";"-1";"-1";"-1";"-1";"-1";"-1";"-1";"-1";"-1";"-1";"-1";"-1";"-1";"-1";"-1";"-1";"-1";"-1";"-1";"-1";"-1";"-1";"-1";"-1";"-1";"-1";"-1";"-1";"-1";"-1";"-1";"-1"
"12/01/2016";"17:36:33";"-1";"-1";"-1";"-1";"-1";"-1";"-1";"-1";"-1";"-1";"-1";"-1";"-1";"-1";"-1";"-1";"-1";"-1";"-1";"-1";"-1";"-1";"-1";"-1";"-1";"-1";"-1";"-1";"-1";"-1";"-1";"-1";"-1";"-1";"-1";"-1";"-1";"-1";"-1";"-1";"-1";"-1";"-1";"-1";"-1";"-1";"-1";"-1"
"12/01/2016";"17:36:34";"-1";"-1";"-1";"-1";"-1";"-1";"-1";"-1";"-1";"-1";"-1";"-1";"-1";"-1";"-1";"-1";"-1";"-1";"-1";"-1";"-1";"-1";"-1";"-1";"-1";"-1";"-1";"-1";"-1";"-1";"-1";"-1";"-1";"-1";"-1";"-1";"-1";"-1";"-1";"-1";"-1";"-1";"-1";"-1";"-1";"-1";"-1";"-1"
"12/01/2016";"17:36:35";"-1";"-1";"-1";"-1";"-1";"-1";"-1";"-1";"-1";"-1";"-1";"-1";"-1";"-1";"-1";"-1";"-1";"-1";"-1";"-1";"-1";"-1";"-1";"-1";"-1";"-1";"-1";"-1";"-1";"-1";"-1";"-1";"-1";"-1";"-1";"-1";"-1";"-1";"-1";"-1";"-1";"-1";"-1";"-1";"-1";"-1";"-1";"-1"
"12/01/2016";"17:36:36";"-1";"-1";"-1";"-1";"-1";"-1";"-1";"-1";"-1";"-1";"-1";"-1";"-1";"-1";"-1";"-1";"-1";"-1";"-1";"-1";"-1";"-1";"-1";"-1";"-1";"-1";"-1";"-1";"-1";"-1";"-1";"-1";"-1";"-1";"-1";"-1";"-1";"-1";"-1";"-1";"-1";"-1";"-1";"-1";"-1";"-1";"-1";"-1"
"12/01/2016";"17:36:37";"-1";"-1";"-1";"-1";"-1";"-1";"-1";"-1";"-1";"-1";"-1";"-1";"-1";"-1";"-1";"-1";"-1";"-1";"-1";"-1";"-1";"-1";"-1";"-1";"-1";"-1";"-1";"-1";"-1";"-1";"-1";"-1";"-1";"-1";"-1";"-1";"-1";"-1";"-1";"-1";"-1";"-1";"-1";"-1";"-1";"-1";"-1";"-1"
"12/01/2016";"17:36:38";"-1";"-1";"-1";"-1";"-1";"-1";"-1";"-1";"-1";"-1";"-1";"-1";"-1";"-1";"-1";"-1";"-1";"-1";"-1";"-1";"-1";"-1";"-1";"-1";"-1";"-1";"-1";"-1";"-1";"-1";"-1";"-1";"-1";"-1";"-1";"-1";"-1";"-1";"-1";"-1";"-1";"-1";"-1";"-1";"-1";"-1";"-1";"-1"
"12/01/2016";"17:36:39";"-1";"-1";"-1";"-1";"-1";"-1";"-1";"-1";"-1";"-1";"-1";"-1";"-1";"-1";"-1";"-1";"-1";"-1";"-1";"-1";"-1";"-1";"-1";"-1";"-1";"-1";"-1";"-1";"-1";"-1";"-1";"-1";"-1";"-1";"-1";"-1";"-1";"-1";"-1";"-1";"-1";"-1";"-1";"-1";"-1";"-1";"-1";"-1"
"12/01/2016";"17:36:40";"-1";"-1";"-1";"-1";"-1";"-1";"-1";"-1";"-1";"-1";"-1";"-1";"-1";"-1";"-1";"-1";"-1";"-1";"-1";"-1";"-1";"-1";"-1";"-1";"-1";"-1";"-1";"-1";"-1";"-1";"-1";"-1";"-1";"-1";"-1";"-1";"-1";"-1";"-1";"-1";"-1";"-1";"-1";"-1";"-1";"-1";"-1";"-1"
"12/01/2016";"17:36:41";"-1";"-1";"-1";"-1";"-1";"-1";"-1";"-1";"-1";"-1";"-1";"-1";"-1";"-1";"-1";"-1";"-1";"-1";"-1";"-1";"-1";"-1";"-1";"-1";"-1";"-1";"-1";"-1";"-1";"-1";"-1";"-1";"-1";"-1";"-1";"-1";"-1";"-1";"-1";"-1";"-1";"-1";"-1";"-1";"-1";"-1";"-1";"-1"
"12/01/2016";"17:36:42";"-1";"-1";"-1";"-1";"-1";"-1";"-1";"-1";"-1";"-1";"-1";"-1";"-1";"-1";"-1";"-1";"-1";"-1";"-1";"-1";"-1";"-1";"-1";"-1";"-1";"-1";"-1";"-1";"-1";"-1";"-1";"-1";"-1";"-1";"-1";"-1";"-1";"-1";"-1";"-1";"-1";"-1";"-1";"-1";"-1";"-1";"-1";"-1"
"12/01/2016";"17:36:43";"-1";"-1";"-1";"-1";"-1";"-1";"-1";"-1";"-1";"-1";"-1";"-1";"-1";"-1";"-1";"-1";"-1";"-1";"-1";"-1";"-1";"-1";"-1";"-1";"-1";"-1";"-1";"-1";"-1";"-1";"-1";"-1";"-1";"-1";"-1";"-1";"-1";"-1";"-1";"-1";"-1";"-1";"-1";"-1";"-1";"-1";"-1";"-1"
"12/01/2016";"17:36:44";"-1";"-1";"-1";"-1";"-1";"-1";"-1";"-1";"-1";"-1";"-1";"-1";"-1";"-1";"-1";"-1";"-1";"-1";"-1";"-1";"-1";"-1";"-1";"-1";"-1";"-1";"-1";"-1";"-1";"-1";"-1";"-1";"-1";"-1";"-1";"-1";"-1";"-1";"-1";"-1";"-1";"-1";"-1";"-1";"-1";"-1";"-1";"-1"
"12/01/2016";"17:36:45";"-1";"-1";"-1";"-1";"-1";"-1";"-1";"-1";"-1";"-1";"-1";"-1";"-1";"-1";"-1";"-1";"-1";"-1";"-1";"-1";"-1";"-1";"-1";"-1";"-1";"-1";"-1";"-1";"-1";"-1";"-1";"-1";"-1";"-1";"-1";"-1";"-1";"-1";"-1";"-1";"-1";"-1";"-1";"-1";"-1";"-1";"-1";"-1"
"12/01/2016";"17:36:46";"-1";"-1";"-1";"-1";"-1";"-1";"-1";"-1";"-1";"-1";"-1";"-1";"-1";"-1";"-1";"-1";"-1";"-1";"-1";"-1";"-1";"-1";"-1";"-1";"-1";"-1";"-1";"-1";"-1";"-1";"-1";"-1";"-1";"-1";"-1";"-1";"-1";"-1";"-1";"-1";"-1";"-1";"-1";"-1";"-1";"-1";"-1";"-1"
"12/01/2016";"17:36:47";"-1";"-1";"-1";"-1";"-1";"-1";"-1";"-1";"-1";"-1";"-1";"-1";"-1";"-1";"-1";"-1";"-1";"-1";"-1";"-1";"-1";"-1";"-1";"-1";"-1";"-1";"-1";"-1";"-1";"-1";"-1";"-1";"-1";"-1";"-1";"-1";"-1";"-1";"-1";"-1";"-1";"-1";"-1";"-1";"-1";"-1";"-1";"-1"
"12/01/2016";"17:36:48";"-1";"-1";"-1";"-1";"-1";"-1";"-1";"-1";"-1";"-1";"-1";"-1";"-1";"-1";"-1";"-1";"-1";"-1";"-1";"-1";"-1";"-1";"-1";"-1";"-1";"-1";"-1";"-1";"-1";"-1";"-1";"-1";"-1";"-1";"-1";"-1";"-1";"-1";"-1";"-1";"-1";"-1";"-1";"-1";"-1";"-1";"-1";"-1"
"12/01/2016";"17:36:49";"-1";"-1";"-1";"-1";"-1";"-1";"-1";"-1";"-1";"-1";"-1";"-1";"-1";"-1";"-1";"-1";"-1";"-1";"-1";"-1";"-1";"-1";"-1";"-1";"-1";"-1";"-1";"-1";"-1";"-1";"-1";"-1";"-1";"-1";"-1";"-1";"-1";"-1";"-1";"-1";"-1";"-1";"-1";"-1";"-1";"-1";"-1";"-1"
"12/01/2016";"17:36:50";"-1";"-1";"-1";"-1";"-1";"-1";"-1";"-1";"-1";"-1";"-1";"-1";"-1";"-1";"-1";"-1";"-1";"-1";"-1";"-1";"-1";"-1";"-1";"-1";"-1";"-1";"-1";"-1";"-1";"-1";"-1";"-1";"-1";"-1";"-1";"-1";"-1";"-1";"-1";"-1";"-1";"-1";"-1";"-1";"-1";"-1";"-1";"-1"
"12/01/2016";"17:36:51";"-1";"-1";"-1";"-1";"-1";"-1";"-1";"-1";"-1";"-1";"-1";"-1";"-1";"-1";"-1";"-1";"-1";"-1";"-1";"-1";"-1";"-1";"-1";"-1";"-1";"-1";"-1";"-1";"-1";"-1";"-1";"-1";"-1";"-1";"-1";"-1";"-1";"-1";"-1";"-1";"-1";"-1";"-1";"-1";"-1";"-1";"-1";"-1"
"12/01/2016";"17:36:52";"-1";"-1";"-1";"-1";"-1";"-1";"-1";"-1";"-1";"-1";"-1";"-1";"-1";"-1";"-1";"-1";"-1";"-1";"-1";"-1";"-1";"-1";"-1";"-1";"-1";"-1";"-1";"-1";"-1";"-1";"-1";"-1";"-1";"-1";"-1";"-1";"-1";"-1";"-1";"-1";"-1";"-1";"-1";"-1";"-1";"-1";"-1";"-1"
"12/01/2016";"17:36:53";"-1";"-1";"-1";"-1";"-1";"-1";"-1";"-1";"-1";"-1";"-1";"-1";"-1";"-1";"-1";"-1";"-1";"-1";"-1";"-1";"-1";"-1";"-1";"-1";"-1";"-1";"-1";"-1";"-1";"-1";"-1";"-1";"-1";"-1";"-1";"-1";"-1";"-1";"-1";"-1";"-1";"-1";"-1";"-1";"-1";"-1";"-1";"-1"
"12/01/2016";"17:36:54";"-1";"-1";"-1";"-1";"-1";"-1";"-1";"-1";"-1";"-1";"-1";"-1";"-1";"-1";"-1";"-1";"-1";"-1";"-1";"-1";"-1";"-1";"-1";"-1";"-1";"-1";"-1";"-1";"-1";"-1";"-1";"-1";"-1";"-1";"-1";"-1";"-1";"-1";"-1";"-1";"-1";"-1";"-1";"-1";"-1";"-1";"-1";"-1"
"12/01/2016";"17:36:55";"-1";"-1";"-1";"-1";"-1";"-1";"-1";"-1";"-1";"-1";"-1";"-1";"-1";"-1";"-1";"-1";"-1";"-1";"-1";"-1";"-1";"-1";"-1";"-1";"-1";"-1";"-1";"-1";"-1";"-1";"-1";"-1";"-1";"-1";"-1";"-1";"-1";"-1";"-1";"-1";"-1";"-1";"-1";"-1";"-1";"-1";"-1";"-1"
"12/01/2016";"17:36:56";"-1";"-1";"-1";"-1";"-1";"-1";"-1";"-1";"-1";"-1";"-1";"-1";"-1";"-1";"-1";"-1";"-1";"-1";"-1";"-1";"-1";"-1";"-1";"-1";"-1";"-1";"-1";"-1";"-1";"-1";"-1";"-1";"-1";"-1";"-1";"-1";"-1";"-1";"-1";"-1";"-1";"-1";"-1";"-1";"-1";"-1";"-1";"-1"
"12/01/2016";"17:36:57";"-1";"-1";"-1";"-1";"-1";"-1";"-1";"-1";"-1";"-1";"-1";"-1";"-1";"-1";"-1";"-1";"-1";"-1";"-1";"-1";"-1";"-1";"-1";"-1";"-1";"-1";"-1";"-1";"-1";"-1";"-1";"-1";"-1";"-1";"-1";"-1";"-1";"-1";"-1";"-1";"-1";"-1";"-1";"-1";"-1";"-1";"-1";"-1"
"12/01/2016";"17:36:58";"-1";"-1";"-1";"-1";"-1";"-1";"-1";"-1";"-1";"-1";"-1";"-1";"-1";"-1";"-1";"-1";"-1";"-1";"-1";"-1";"-1";"-1";"-1";"-1";"-1";"-1";"-1";"-1";"-1";"-1";"-1";"-1";"-1";"-1";"-1";"-1";"-1";"-1";"-1";"-1";"-1";"-1";"-1";"-1";"-1";"-1";"-1";"-1"
"12/01/2016";"17:36:59";"-1";"-1";"-1";"-1";"-1";"-1";"-1";"-1";"-1";"-1";"-1";"-1";"-1";"-1";"-1";"-1";"-1";"-1";"-1";"-1";"-1";"-1";"-1";"-1";"-1";"-1";"-1";"-1";"-1";"-1";"-1";"-1";"-1";"-1";"-1";"-1";"-1";"-1";"-1";"-1";"-1";"-1";"-1";"-1";"-1";"-1";"-1";"-1"
"12/01/2016";"17:37:00";"-1";"-1";"-1";"-1";"-1";"-1";"-1";"-1";"-1";"-1";"-1";"-1";"-1";"-1";"-1";"-1";"-1";"-1";"-1";"-1";"-1";"-1";"-1";"-1";"-1";"-1";"-1";"-1";"-1";"-1";"-1";"-1";"-1";"-1";"-1";"-1";"-1";"-1";"-1";"-1";"-1";"-1";"-1";"-1";"-1";"-1";"-1";"-1"
"12/01/2016";"17:37:01";"-1";"-1";"-1";"-1";"-1";"-1";"-1";"-1";"-1";"-1";"-1";"-1";"-1";"-1";"-1";"-1";"-1";"-1";"-1";"-1";"-1";"-1";"-1";"-1";"-1";"-1";"-1";"-1";"-1";"-1";"-1";"-1";"-1";"-1";"-1";"-1";"-1";"-1";"-1";"-1";"-1";"-1";"-1";"-1";"-1";"-1";"-1";"-1"
"12/01/2016";"17:37:02";"-1";"-1";"-1";"-1";"-1";"-1";"-1";"-1";"-1";"-1";"-1";"-1";"-1";"-1";"-1";"-1";"-1";"-1";"-1";"-1";"-1";"-1";"-1";"-1";"-1";"-1";"-1";"-1";"-1";"-1";"-1";"-1";"-1";"-1";"-1";"-1";"-1";"-1";"-1";"-1";"-1";"-1";"-1";"-1";"-1";"-1";"-1";"-1"
"12/01/2016";"17:37:23";"-1";"-1";"-1";"-1";"-1";"-1";"-1";"-1";"-1";"-1";"-1";"-1";"-1";"-1";"-1";"-1";"-1";"-1";"-1";"-1";"-1";"-1";"-1";"-1";"-1";"-1";"-1";"-1";"-1";"-1";"-1";"-1";"-1";"-1";"-1";"-1";"-1";"-1";"-1";"-1";"-1";"-1";"-1";"-1";"-1";"-1";"-1";"-1"
"12/01/2016";"17:37:24";"-1";"-1";"-1";"-1";"-1";"-1";"-1";"-1";"-1";"-1";"-1";"-1";"-1";"-1";"-1";"-1";"-1";"-1";"-1";"-1";"-1";"-1";"-1";"-1";"-1";"-1";"-1";"-1";"-1";"-1";"-1";"-1";"-1";"-1";"-1";"-1";"-1";"-1";"-1";"-1";"-1";"-1";"-1";"-1";"-1";"-1";"-1";"-1"
"12/01/2016";"17:37:25";"-1";"-1";"-1";"-1";"-1";"-1";"-1";"-1";"-1";"-1";"-1";"-1";"-1";"-1";"-1";"-1";"-1";"-1";"-1";"-1";"-1";"-1";"-1";"-1";"-1";"-1";"-1";"-1";"-1";"-1";"-1";"-1";"-1";"-1";"-1";"-1";"-1";"-1";"-1";"-1";"-1";"-1";"-1";"-1";"-1";"-1";"-1";"-1"
"12/01/2016";"17:37:26";"-1";"-1";"-1";"-1";"-1";"-1";"-1";"-1";"-1";"-1";"-1";"-1";"-1";"-1";"-1";"-1";"-1";"-1";"-1";"-1";"-1";"-1";"-1";"-1";"-1";"-1";"-1";"-1";"-1";"-1";"-1";"-1";"-1";"-1";"-1";"-1";"-1";"-1";"-1";"-1";"-1";"-1";"-1";"-1";"-1";"-1";"-1";"-1"
"12/01/2016";"17:37:27";"-1";"-1";"-1";"-1";"-1";"-1";"-1";"-1";"-1";"-1";"-1";"-1";"-1";"-1";"-1";"-1";"-1";"-1";"-1";"-1";"-1";"-1";"-1";"-1";"-1";"-1";"-1";"-1";"-1";"-1";"-1";"-1";"-1";"-1";"-1";"-1";"-1";"-1";"-1";"-1";"-1";"-1";"-1";"-1";"-1";"-1";"-1";"-1"
"12/01/2016";"17:37:28";"-1";"-1";"-1";"-1";"-1";"-1";"-1";"-1";"-1";"-1";"-1";"-1";"-1";"-1";"-1";"-1";"-1";"-1";"-1";"-1";"-1";"-1";"-1";"-1";"-1";"-1";"-1";"-1";"-1";"-1";"-1";"-1";"-1";"-1";"-1";"-1";"-1";"-1";"-1";"-1";"-1";"-1";"-1";"-1";"-1";"-1";"-1";"-1"
"12/01/2016";"17:37:29";"-1";"-1";"-1";"-1";"-1";"-1";"-1";"-1";"-1";"-1";"-1";"-1";"-1";"-1";"-1";"-1";"-1";"-1";"-1";"-1";"-1";"-1";"-1";"-1";"-1";"-1";"-1";"-1";"-1";"-1";"-1";"-1";"-1";"-1";"-1";"-1";"-1";"-1";"-1";"-1";"-1";"-1";"-1";"-1";"-1";"-1";"-1";"-1"
"12/01/2016";"17:37:30";"-1";"-1";"-1";"-1";"-1";"-1";"-1";"-1";"-1";"-1";"-1";"-1";"-1";"-1";"-1";"-1";"-1";"-1";"-1";"-1";"-1";"-1";"-1";"-1";"-1";"-1";"-1";"-1";"-1";"-1";"-1";"-1";"-1";"-1";"-1";"-1";"-1";"-1";"-1";"-1";"-1";"-1";"-1";"-1";"-1";"-1";"-1";"-1"
"12/01/2016";"17:37:31";"-1";"-1";"-1";"-1";"-1";"-1";"-1";"-1";"-1";"-1";"-1";"-1";"-1";"-1";"-1";"-1";"-1";"-1";"-1";"-1";"-1";"-1";"-1";"-1";"-1";"-1";"-1";"-1";"-1";"-1";"-1";"-1";"-1";"-1";"-1";"-1";"-1";"-1";"-1";"-1";"-1";"-1";"-1";"-1";"-1";"-1";"-1";"-1"
"12/01/2016";"17:37:32";"-1";"-1";"-1";"-1";"-1";"-1";"-1";"-1";"-1";"-1";"-1";"-1";"-1";"-1";"-1";"-1";"-1";"-1";"-1";"-1";"-1";"-1";"-1";"-1";"-1";"-1";"-1";"-1";"-1";"-1";"-1";"-1";"-1";"-1";"-1";"-1";"-1";"-1";"-1";"-1";"-1";"-1";"-1";"-1";"-1";"-1";"-1";"-1"
"12/01/2016";"17:37:33";"-1";"-1";"-1";"-1";"-1";"-1";"-1";"-1";"-1";"-1";"-1";"-1";"-1";"-1";"-1";"-1";"-1";"-1";"-1";"-1";"-1";"-1";"-1";"-1";"-1";"-1";"-1";"-1";"-1";"-1";"-1";"-1";"-1";"-1";"-1";"-1";"-1";"-1";"-1";"-1";"-1";"-1";"-1";"-1";"-1";"-1";"-1";"-1"
"12/01/2016";"17:37:34";"-1";"-1";"-1";"-1";"-1";"-1";"-1";"-1";"-1";"-1";"-1";"-1";"-1";"-1";"-1";"-1";"-1";"-1";"-1";"-1";"-1";"-1";"-1";"-1";"-1";"-1";"-1";"-1";"-1";"-1";"-1";"-1";"-1";"-1";"-1";"-1";"-1";"-1";"-1";"-1";"-1";"-1";"-1";"-1";"-1";"-1";"-1";"-1"
"12/01/2016";"17:37:35";"-1";"-1";"-1";"-1";"-1";"-1";"-1";"-1";"-1";"-1";"-1";"-1";"-1";"-1";"-1";"-1";"-1";"-1";"-1";"-1";"-1";"-1";"-1";"-1";"-1";"-1";"-1";"-1";"-1";"-1";"-1";"-1";"-1";"-1";"-1";"-1";"-1";"-1";"-1";"-1";"-1";"-1";"-1";"-1";"-1";"-1";"-1";"-1"
"12/01/2016";"17:37:36";"-1";"-1";"-1";"-1";"-1";"-1";"-1";"-1";"-1";"-1";"-1";"-1";"-1";"-1";"-1";"-1";"-1";"-1";"-1";"-1";"-1";"-1";"-1";"-1";"-1";"-1";"-1";"-1";"-1";"-1";"-1";"-1";"-1";"-1";"-1";"-1";"-1";"-1";"-1";"-1";"-1";"-1";"-1";"-1";"-1";"-1";"-1";"-1"
"12/01/2016";"17:37:37";"-1";"-1";"-1";"-1";"-1";"-1";"-1";"-1";"-1";"-1";"-1";"-1";"-1";"-1";"-1";"-1";"-1";"-1";"-1";"-1";"-1";"-1";"-1";"-1";"-1";"-1";"-1";"-1";"-1";"-1";"-1";"-1";"-1";"-1";"-1";"-1";"-1";"-1";"-1";"-1";"-1";"-1";"-1";"-1";"-1";"-1";"-1";"-1"
"12/01/2016";"17:37:38";"-1";"-1";"-1";"-1";"-1";"-1";"-1";"-1";"-1";"-1";"-1";"-1";"-1";"-1";"-1";"-1";"-1";"-1";"-1";"-1";"-1";"-1";"-1";"-1";"-1";"-1";"-1";"-1";"-1";"-1";"-1";"-1";"-1";"-1";"-1";"-1";"-1";"-1";"-1";"-1";"-1";"-1";"-1";"-1";"-1";"-1";"-1";"-1"
"12/01/2016";"17:37:39";"-1";"-1";"-1";"-1";"-1";"-1";"-1";"-1";"-1";"-1";"-1";"-1";"-1";"-1";"-1";"-1";"-1";"-1";"-1";"-1";"-1";"-1";"-1";"-1";"-1";"-1";"-1";"-1";"-1";"-1";"-1";"-1";"-1";"-1";"-1";"-1";"-1";"-1";"-1";"-1";"-1";"-1";"-1";"-1";"-1";"-1";"-1";"-1"
"12/01/2016";"17:37:40";"-1";"-1";"-1";"-1";"-1";"-1";"-1";"-1";"-1";"-1";"-1";"-1";"-1";"-1";"-1";"-1";"-1";"-1";"-1";"-1";"-1";"-1";"-1";"-1";"-1";"-1";"-1";"-1";"-1";"-1";"-1";"-1";"-1";"-1";"-1";"-1";"-1";"-1";"-1";"-1";"-1";"-1";"-1";"-1";"-1";"-1";"-1";"-1"
"12/01/2016";"17:37:41";"-1";"-1";"-1";"-1";"-1";"-1";"-1";"-1";"-1";"-1";"-1";"-1";"-1";"-1";"-1";"-1";"-1";"-1";"-1";"-1";"-1";"-1";"-1";"-1";"-1";"-1";"-1";"-1";"-1";"-1";"-1";"-1";"-1";"-1";"-1";"-1";"-1";"-1";"-1";"-1";"-1";"-1";"-1";"-1";"-1";"-1";"-1";"-1"
"12/01/2016";"17:37:42";"-1";"-1";"-1";"-1";"-1";"-1";"-1";"-1";"-1";"-1";"-1";"-1";"-1";"-1";"-1";"-1";"-1";"-1";"-1";"-1";"-1";"-1";"-1";"-1";"-1";"-1";"-1";"-1";"-1";"-1";"-1";"-1";"-1";"-1";"-1";"-1";"-1";"-1";"-1";"-1";"-1";"-1";"-1";"-1";"-1";"-1";"-1";"-1"
"12/01/2016";"17:37:43";"-1";"-1";"-1";"-1";"-1";"-1";"-1";"-1";"-1";"-1";"-1";"-1";"-1";"-1";"-1";"-1";"-1";"-1";"-1";"-1";"-1";"-1";"-1";"-1";"-1";"-1";"-1";"-1";"-1";"-1";"-1";"-1";"-1";"-1";"-1";"-1";"-1";"-1";"-1";"-1";"-1";"-1";"-1";"-1";"-1";"-1";"-1";"-1"
"12/01/2016";"17:37:44";"-1";"-1";"-1";"-1";"-1";"-1";"-1";"-1";"-1";"-1";"-1";"-1";"-1";"-1";"-1";"-1";"-1";"-1";"-1";"-1";"-1";"-1";"-1";"-1";"-1";"-1";"-1";"-1";"-1";"-1";"-1";"-1";"-1";"-1";"-1";"-1";"-1";"-1";"-1";"-1";"-1";"-1";"-1";"-1";"-1";"-1";"-1";"-1"
"12/01/2016";"17:37:45";"-1";"-1";"-1";"-1";"-1";"-1";"-1";"-1";"-1";"-1";"-1";"-1";"-1";"-1";"-1";"-1";"-1";"-1";"-1";"-1";"-1";"-1";"-1";"-1";"-1";"-1";"-1";"-1";"-1";"-1";"-1";"-1";"-1";"-1";"-1";"-1";"-1";"-1";"-1";"-1";"-1";"-1";"-1";"-1";"-1";"-1";"-1";"-1"
"12/01/2016";"17:37:46";"-1";"-1";"-1";"-1";"-1";"-1";"-1";"-1";"-1";"-1";"-1";"-1";"-1";"-1";"-1";"-1";"-1";"-1";"-1";"-1";"-1";"-1";"-1";"-1";"-1";"-1";"-1";"-1";"-1";"-1";"-1";"-1";"-1";"-1";"-1";"-1";"-1";"-1";"-1";"-1";"-1";"-1";"-1";"-1";"-1";"-1";"-1";"-1"
"12/01/2016";"17:37:47";"-1";"-1";"-1";"-1";"-1";"-1";"-1";"-1";"-1";"-1";"-1";"-1";"-1";"-1";"-1";"-1";"-1";"-1";"-1";"-1";"-1";"-1";"-1";"-1";"-1";"-1";"-1";"-1";"-1";"-1";"-1";"-1";"-1";"-1";"-1";"-1";"-1";"-1";"-1";"-1";"-1";"-1";"-1";"-1";"-1";"-1";"-1";"-1"
"12/01/2016";"17:37:48";"-1";"-1";"-1";"-1";"-1";"-1";"-1";"-1";"-1";"-1";"-1";"-1";"-1";"-1";"-1";"-1";"-1";"-1";"-1";"-1";"-1";"-1";"-1";"-1";"-1";"-1";"-1";"-1";"-1";"-1";"-1";"-1";"-1";"-1";"-1";"-1";"-1";"-1";"-1";"-1";"-1";"-1";"-1";"-1";"-1";"-1";"-1";"-1"
"12/01/2016";"17:37:49";"-1";"-1";"-1";"-1";"-1";"-1";"-1";"-1";"-1";"-1";"-1";"-1";"-1";"-1";"-1";"-1";"-1";"-1";"-1";"-1";"-1";"-1";"-1";"-1";"-1";"-1";"-1";"-1";"-1";"-1";"-1";"-1";"-1";"-1";"-1";"-1";"-1";"-1";"-1";"-1";"-1";"-1";"-1";"-1";"-1";"-1";"-1";"-1"
"12/01/2016";"17:37:50";"-1";"-1";"-1";"-1";"-1";"-1";"-1";"-1";"-1";"-1";"-1";"-1";"-1";"-1";"-1";"-1";"-1";"-1";"-1";"-1";"-1";"-1";"-1";"-1";"-1";"-1";"-1";"-1";"-1";"-1";"-1";"-1";"-1";"-1";"-1";"-1";"-1";"-1";"-1";"-1";"-1";"-1";"-1";"-1";"-1";"-1";"-1";"-1"
"12/01/2016";"17:37:51";"-1";"-1";"-1";"-1";"-1";"-1";"-1";"-1";"-1";"-1";"-1";"-1";"-1";"-1";"-1";"-1";"-1";"-1";"-1";"-1";"-1";"-1";"-1";"-1";"-1";"-1";"-1";"-1";"-1";"-1";"-1";"-1";"-1";"-1";"-1";"-1";"-1";"-1";"-1";"-1";"-1";"-1";"-1";"-1";"-1";"-1";"-1";"-1"
"12/01/2016";"17:37:52";"-1";"-1";"-1";"-1";"-1";"-1";"-1";"-1";"-1";"-1";"-1";"-1";"-1";"-1";"-1";"-1";"-1";"-1";"-1";"-1";"-1";"-1";"-1";"-1";"-1";"-1";"-1";"-1";"-1";"-1";"-1";"-1";"-1";"-1";"-1";"-1";"-1";"-1";"-1";"-1";"-1";"-1";"-1";"-1";"-1";"-1";"-1";"-1"
"12/01/2016";"17:37:53";"-1";"-1";"-1";"-1";"-1";"-1";"-1";"-1";"-1";"-1";"-1";"-1";"-1";"-1";"-1";"-1";"-1";"-1";"-1";"-1";"-1";"-1";"-1";"-1";"-1";"-1";"-1";"-1";"-1";"-1";"-1";"-1";"-1";"-1";"-1";"-1";"-1";"-1";"-1";"-1";"-1";"-1";"-1";"-1";"-1";"-1";"-1";"-1"
"12/01/2016";"17:37:54";"-1";"-1";"-1";"-1";"-1";"-1";"-1";"-1";"-1";"-1";"-1";"-1";"-1";"-1";"-1";"-1";"-1";"-1";"-1";"-1";"-1";"-1";"-1";"-1";"-1";"-1";"-1";"-1";"-1";"-1";"-1";"-1";"-1";"-1";"-1";"-1";"-1";"-1";"-1";"-1";"-1";"-1";"-1";"-1";"-1";"-1";"-1";"-1"
"12/01/2016";"17:37:55";"-1";"-1";"-1";"-1";"-1";"-1";"-1";"-1";"-1";"-1";"-1";"-1";"-1";"-1";"-1";"-1";"-1";"-1";"-1";"-1";"-1";"-1";"-1";"-1";"-1";"-1";"-1";"-1";"-1";"-1";"-1";"-1";"-1";"-1";"-1";"-1";"-1";"-1";"-1";"-1";"-1";"-1";"-1";"-1";"-1";"-1";"-1";"-1"
"12/01/2016";"17:37:56";"-1";"-1";"-1";"-1";"-1";"-1";"-1";"-1";"-1";"-1";"-1";"-1";"-1";"-1";"-1";"-1";"-1";"-1";"-1";"-1";"-1";"-1";"-1";"-1";"-1";"-1";"-1";"-1";"-1";"-1";"-1";"-1";"-1";"-1";"-1";"-1";"-1";"-1";"-1";"-1";"-1";"-1";"-1";"-1";"-1";"-1";"-1";"-1"
"12/01/2016";"17:37:57";"-1";"-1";"-1";"-1";"-1";"-1";"-1";"-1";"-1";"-1";"-1";"-1";"-1";"-1";"-1";"-1";"-1";"-1";"-1";"-1";"-1";"-1";"-1";"-1";"-1";"-1";"-1";"-1";"-1";"-1";"-1";"-1";"-1";"-1";"-1";"-1";"-1";"-1";"-1";"-1";"-1";"-1";"-1";"-1";"-1";"-1";"-1";"-1"
"12/01/2016";"17:37:58";"-1";"-1";"-1";"-1";"-1";"-1";"-1";"-1";"-1";"-1";"-1";"-1";"-1";"-1";"-1";"-1";"-1";"-1";"-1";"-1";"-1";"-1";"-1";"-1";"-1";"-1";"-1";"-1";"-1";"-1";"-1";"-1";"-1";"-1";"-1";"-1";"-1";"-1";"-1";"-1";"-1";"-1";"-1";"-1";"-1";"-1";"-1";"-1"
"12/01/2016";"17:37:59";"-1";"-1";"-1";"-1";"-1";"-1";"-1";"-1";"-1";"-1";"-1";"-1";"-1";"-1";"-1";"-1";"-1";"-1";"-1";"-1";"-1";"-1";"-1";"-1";"-1";"-1";"-1";"-1";"-1";"-1";"-1";"-1";"-1";"-1";"-1";"-1";"-1";"-1";"-1";"-1";"-1";"-1";"-1";"-1";"-1";"-1";"-1";"-1"
"12/01/2016";"17:38:00";"-1";"-1";"-1";"-1";"-1";"-1";"-1";"-1";"-1";"-1";"-1";"-1";"-1";"-1";"-1";"-1";"-1";"-1";"-1";"-1";"-1";"-1";"-1";"-1";"-1";"-1";"-1";"-1";"-1";"-1";"-1";"-1";"-1";"-1";"-1";"-1";"-1";"-1";"-1";"-1";"-1";"-1";"-1";"-1";"-1";"-1";"-1";"-1"
"12/01/2016";"17:38:01";"-1";"-1";"-1";"-1";"-1";"-1";"-1";"-1";"-1";"-1";"-1";"-1";"-1";"-1";"-1";"-1";"-1";"-1";"-1";"-1";"-1";"-1";"-1";"-1";"-1";"-1";"-1";"-1";"-1";"-1";"-1";"-1";"-1";"-1";"-1";"-1";"-1";"-1";"-1";"-1";"-1";"-1";"-1";"-1";"-1";"-1";"-1";"-1"
"12/01/2016";"17:38:02";"-1";"-1";"-1";"-1";"-1";"-1";"-1";"-1";"-1";"-1";"-1";"-1";"-1";"-1";"-1";"-1";"-1";"-1";"-1";"-1";"-1";"-1";"-1";"-1";"-1";"-1";"-1";"-1";"-1";"-1";"-1";"-1";"-1";"-1";"-1";"-1";"-1";"-1";"-1";"-1";"-1";"-1";"-1";"-1";"-1";"-1";"-1";"-1"
"12/01/2016";"17:38:23";"-1";"-1";"-1";"-1";"-1";"-1";"-1";"-1";"-1";"-1";"-1";"-1";"-1";"-1";"-1";"-1";"-1";"-1";"-1";"-1";"-1";"-1";"-1";"-1";"-1";"-1";"-1";"-1";"-1";"-1";"-1";"-1";"-1";"-1";"-1";"-1";"-1";"-1";"-1";"-1";"-1";"-1";"-1";"-1";"-1";"-1";"-1";"-1"
"12/01/2016";"17:38:24";"-1";"-1";"-1";"-1";"-1";"-1";"-1";"-1";"-1";"-1";"-1";"-1";"-1";"-1";"-1";"-1";"-1";"-1";"-1";"-1";"-1";"-1";"-1";"-1";"-1";"-1";"-1";"-1";"-1";"-1";"-1";"-1";"-1";"-1";"-1";"-1";"-1";"-1";"-1";"-1";"-1";"-1";"-1";"-1";"-1";"-1";"-1";"-1"
"12/01/2016";"17:38:25";"-1";"-1";"-1";"-1";"-1";"-1";"-1";"-1";"-1";"-1";"-1";"-1";"-1";"-1";"-1";"-1";"-1";"-1";"-1";"-1";"-1";"-1";"-1";"-1";"-1";"-1";"-1";"-1";"-1";"-1";"-1";"-1";"-1";"-1";"-1";"-1";"-1";"-1";"-1";"-1";"-1";"-1";"-1";"-1";"-1";"-1";"-1";"-1"
"12/01/2016";"17:38:26";"-1";"-1";"-1";"-1";"-1";"-1";"-1";"-1";"-1";"-1";"-1";"-1";"-1";"-1";"-1";"-1";"-1";"-1";"-1";"-1";"-1";"-1";"-1";"-1";"-1";"-1";"-1";"-1";"-1";"-1";"-1";"-1";"-1";"-1";"-1";"-1";"-1";"-1";"-1";"-1";"-1";"-1";"-1";"-1";"-1";"-1";"-1";"-1"
"12/01/2016";"17:38:27";"-1";"-1";"-1";"-1";"-1";"-1";"-1";"-1";"-1";"-1";"-1";"-1";"-1";"-1";"-1";"-1";"-1";"-1";"-1";"-1";"-1";"-1";"-1";"-1";"-1";"-1";"-1";"-1";"-1";"-1";"-1";"-1";"-1";"-1";"-1";"-1";"-1";"-1";"-1";"-1";"-1";"-1";"-1";"-1";"-1";"-1";"-1";"-1"
"12/01/2016";"17:38:28";"-1";"-1";"-1";"-1";"-1";"-1";"-1";"-1";"-1";"-1";"-1";"-1";"-1";"-1";"-1";"-1";"-1";"-1";"-1";"-1";"-1";"-1";"-1";"-1";"-1";"-1";"-1";"-1";"-1";"-1";"-1";"-1";"-1";"-1";"-1";"-1";"-1";"-1";"-1";"-1";"-1";"-1";"-1";"-1";"-1";"-1";"-1";"-1"
"12/01/2016";"17:38:29";"-1";"-1";"-1";"-1";"-1";"-1";"-1";"-1";"-1";"-1";"-1";"-1";"-1";"-1";"-1";"-1";"-1";"-1";"-1";"-1";"-1";"-1";"-1";"-1";"-1";"-1";"-1";"-1";"-1";"-1";"-1";"-1";"-1";"-1";"-1";"-1";"-1";"-1";"-1";"-1";"-1";"-1";"-1";"-1";"-1";"-1";"-1";"-1"
"12/01/2016";"17:38:30";"-1";"-1";"-1";"-1";"-1";"-1";"-1";"-1";"-1";"-1";"-1";"-1";"-1";"-1";"-1";"-1";"-1";"-1";"-1";"-1";"-1";"-1";"-1";"-1";"-1";"-1";"-1";"-1";"-1";"-1";"-1";"-1";"-1";"-1";"-1";"-1";"-1";"-1";"-1";"-1";"-1";"-1";"-1";"-1";"-1";"-1";"-1";"-1"
"12/01/2016";"17:38:31";"-1";"-1";"-1";"-1";"-1";"-1";"-1";"-1";"-1";"-1";"-1";"-1";"-1";"-1";"-1";"-1";"-1";"-1";"-1";"-1";"-1";"-1";"-1";"-1";"-1";"-1";"-1";"-1";"-1";"-1";"-1";"-1";"-1";"-1";"-1";"-1";"-1";"-1";"-1";"-1";"-1";"-1";"-1";"-1";"-1";"-1";"-1";"-1"
"12/01/2016";"17:38:32";"-1";"-1";"-1";"-1";"-1";"-1";"-1";"-1";"-1";"-1";"-1";"-1";"-1";"-1";"-1";"-1";"-1";"-1";"-1";"-1";"-1";"-1";"-1";"-1";"-1";"-1";"-1";"-1";"-1";"-1";"-1";"-1";"-1";"-1";"-1";"-1";"-1";"-1";"-1";"-1";"-1";"-1";"-1";"-1";"-1";"-1";"-1";"-1"
"12/01/2016";"17:38:33";"-1";"-1";"-1";"-1";"-1";"-1";"-1";"-1";"-1";"-1";"-1";"-1";"-1";"-1";"-1";"-1";"-1";"-1";"-1";"-1";"-1";"-1";"-1";"-1";"-1";"-1";"-1";"-1";"-1";"-1";"-1";"-1";"-1";"-1";"-1";"-1";"-1";"-1";"-1";"-1";"-1";"-1";"-1";"-1";"-1";"-1";"-1";"-1"
"12/01/2016";"17:38:34";"-1";"-1";"-1";"-1";"-1";"-1";"-1";"-1";"-1";"-1";"-1";"-1";"-1";"-1";"-1";"-1";"-1";"-1";"-1";"-1";"-1";"-1";"-1";"-1";"-1";"-1";"-1";"-1";"-1";"-1";"-1";"-1";"-1";"-1";"-1";"-1";"-1";"-1";"-1";"-1";"-1";"-1";"-1";"-1";"-1";"-1";"-1";"-1"
"12/01/2016";"17:38:35";"-1";"-1";"-1";"-1";"-1";"-1";"-1";"-1";"-1";"-1";"-1";"-1";"-1";"-1";"-1";"-1";"-1";"-1";"-1";"-1";"-1";"-1";"-1";"-1";"-1";"-1";"-1";"-1";"-1";"-1";"-1";"-1";"-1";"-1";"-1";"-1";"-1";"-1";"-1";"-1";"-1";"-1";"-1";"-1";"-1";"-1";"-1";"-1"
"12/01/2016";"17:38:36";"-1";"-1";"-1";"-1";"-1";"-1";"-1";"-1";"-1";"-1";"-1";"-1";"-1";"-1";"-1";"-1";"-1";"-1";"-1";"-1";"-1";"-1";"-1";"-1";"-1";"-1";"-1";"-1";"-1";"-1";"-1";"-1";"-1";"-1";"-1";"-1";"-1";"-1";"-1";"-1";"-1";"-1";"-1";"-1";"-1";"-1";"-1";"-1"
"12/01/2016";"17:38:37";"-1";"-1";"-1";"-1";"-1";"-1";"-1";"-1";"-1";"-1";"-1";"-1";"-1";"-1";"-1";"-1";"-1";"-1";"-1";"-1";"-1";"-1";"-1";"-1";"-1";"-1";"-1";"-1";"-1";"-1";"-1";"-1";"-1";"-1";"-1";"-1";"-1";"-1";"-1";"-1";"-1";"-1";"-1";"-1";"-1";"-1";"-1";"-1"
"12/01/2016";"17:38:38";"-1";"-1";"-1";"-1";"-1";"-1";"-1";"-1";"-1";"-1";"-1";"-1";"-1";"-1";"-1";"-1";"-1";"-1";"-1";"-1";"-1";"-1";"-1";"-1";"-1";"-1";"-1";"-1";"-1";"-1";"-1";"-1";"-1";"-1";"-1";"-1";"-1";"-1";"-1";"-1";"-1";"-1";"-1";"-1";"-1";"-1";"-1";"-1"
"12/01/2016";"17:38:39";"-1";"-1";"-1";"-1";"-1";"-1";"-1";"-1";"-1";"-1";"-1";"-1";"-1";"-1";"-1";"-1";"-1";"-1";"-1";"-1";"-1";"-1";"-1";"-1";"-1";"-1";"-1";"-1";"-1";"-1";"-1";"-1";"-1";"-1";"-1";"-1";"-1";"-1";"-1";"-1";"-1";"-1";"-1";"-1";"-1";"-1";"-1";"-1"
"12/01/2016";"17:38:40";"-1";"-1";"-1";"-1";"-1";"-1";"-1";"-1";"-1";"-1";"-1";"-1";"-1";"-1";"-1";"-1";"-1";"-1";"-1";"-1";"-1";"-1";"-1";"-1";"-1";"-1";"-1";"-1";"-1";"-1";"-1";"-1";"-1";"-1";"-1";"-1";"-1";"-1";"-1";"-1";"-1";"-1";"-1";"-1";"-1";"-1";"-1";"-1"
"12/01/2016";"17:38:41";"-1";"-1";"-1";"-1";"-1";"-1";"-1";"-1";"-1";"-1";"-1";"-1";"-1";"-1";"-1";"-1";"-1";"-1";"-1";"-1";"-1";"-1";"-1";"-1";"-1";"-1";"-1";"-1";"-1";"-1";"-1";"-1";"-1";"-1";"-1";"-1";"-1";"-1";"-1";"-1";"-1";"-1";"-1";"-1";"-1";"-1";"-1";"-1"
"12/01/2016";"17:38:42";"-1";"-1";"-1";"-1";"-1";"-1";"-1";"-1";"-1";"-1";"-1";"-1";"-1";"-1";"-1";"-1";"-1";"-1";"-1";"-1";"-1";"-1";"-1";"-1";"-1";"-1";"-1";"-1";"-1";"-1";"-1";"-1";"-1";"-1";"-1";"-1";"-1";"-1";"-1";"-1";"-1";"-1";"-1";"-1";"-1";"-1";"-1";"-1"
"12/01/2016";"17:38:43";"-1";"-1";"-1";"-1";"-1";"-1";"-1";"-1";"-1";"-1";"-1";"-1";"-1";"-1";"-1";"-1";"-1";"-1";"-1";"-1";"-1";"-1";"-1";"-1";"-1";"-1";"-1";"-1";"-1";"-1";"-1";"-1";"-1";"-1";"-1";"-1";"-1";"-1";"-1";"-1";"-1";"-1";"-1";"-1";"-1";"-1";"-1";"-1"
"12/01/2016";"17:38:44";"-1";"-1";"-1";"-1";"-1";"-1";"-1";"-1";"-1";"-1";"-1";"-1";"-1";"-1";"-1";"-1";"-1";"-1";"-1";"-1";"-1";"-1";"-1";"-1";"-1";"-1";"-1";"-1";"-1";"-1";"-1";"-1";"-1";"-1";"-1";"-1";"-1";"-1";"-1";"-1";"-1";"-1";"-1";"-1";"-1";"-1";"-1";"-1"
"12/01/2016";"17:38:45";"-1";"-1";"-1";"-1";"-1";"-1";"-1";"-1";"-1";"-1";"-1";"-1";"-1";"-1";"-1";"-1";"-1";"-1";"-1";"-1";"-1";"-1";"-1";"-1";"-1";"-1";"-1";"-1";"-1";"-1";"-1";"-1";"-1";"-1";"-1";"-1";"-1";"-1";"-1";"-1";"-1";"-1";"-1";"-1";"-1";"-1";"-1";"-1"
"12/01/2016";"17:38:46";"-1";"-1";"-1";"-1";"-1";"-1";"-1";"-1";"-1";"-1";"-1";"-1";"-1";"-1";"-1";"-1";"-1";"-1";"-1";"-1";"-1";"-1";"-1";"-1";"-1";"-1";"-1";"-1";"-1";"-1";"-1";"-1";"-1";"-1";"-1";"-1";"-1";"-1";"-1";"-1";"-1";"-1";"-1";"-1";"-1";"-1";"-1";"-1"
"12/01/2016";"17:38:47";"-1";"-1";"-1";"-1";"-1";"-1";"-1";"-1";"-1";"-1";"-1";"-1";"-1";"-1";"-1";"-1";"-1";"-1";"-1";"-1";"-1";"-1";"-1";"-1";"-1";"-1";"-1";"-1";"-1";"-1";"-1";"-1";"-1";"-1";"-1";"-1";"-1";"-1";"-1";"-1";"-1";"-1";"-1";"-1";"-1";"-1";"-1";"-1"
"12/01/2016";"17:38:48";"-1";"-1";"-1";"-1";"-1";"-1";"-1";"-1";"-1";"-1";"-1";"-1";"-1";"-1";"-1";"-1";"-1";"-1";"-1";"-1";"-1";"-1";"-1";"-1";"-1";"-1";"-1";"-1";"-1";"-1";"-1";"-1";"-1";"-1";"-1";"-1";"-1";"-1";"-1";"-1";"-1";"-1";"-1";"-1";"-1";"-1";"-1";"-1"
"12/01/2016";"17:38:49";"-1";"-1";"-1";"-1";"-1";"-1";"-1";"-1";"-1";"-1";"-1";"-1";"-1";"-1";"-1";"-1";"-1";"-1";"-1";"-1";"-1";"-1";"-1";"-1";"-1";"-1";"-1";"-1";"-1";"-1";"-1";"-1";"-1";"-1";"-1";"-1";"-1";"-1";"-1";"-1";"-1";"-1";"-1";"-1";"-1";"-1";"-1";"-1"
"12/01/2016";"17:38:50";"-1";"-1";"-1";"-1";"-1";"-1";"-1";"-1";"-1";"-1";"-1";"-1";"-1";"-1";"-1";"-1";"-1";"-1";"-1";"-1";"-1";"-1";"-1";"-1";"-1";"-1";"-1";"-1";"-1";"-1";"-1";"-1";"-1";"-1";"-1";"-1";"-1";"-1";"-1";"-1";"-1";"-1";"-1";"-1";"-1";"-1";"-1";"-1"
"12/01/2016";"17:38:51";"-1";"-1";"-1";"-1";"-1";"-1";"-1";"-1";"-1";"-1";"-1";"-1";"-1";"-1";"-1";"-1";"-1";"-1";"-1";"-1";"-1";"-1";"-1";"-1";"-1";"-1";"-1";"-1";"-1";"-1";"-1";"-1";"-1";"-1";"-1";"-1";"-1";"-1";"-1";"-1";"-1";"-1";"-1";"-1";"-1";"-1";"-1";"-1"
"12/01/2016";"17:38:52";"-1";"-1";"-1";"-1";"-1";"-1";"-1";"-1";"-1";"-1";"-1";"-1";"-1";"-1";"-1";"-1";"-1";"-1";"-1";"-1";"-1";"-1";"-1";"-1";"-1";"-1";"-1";"-1";"-1";"-1";"-1";"-1";"-1";"-1";"-1";"-1";"-1";"-1";"-1";"-1";"-1";"-1";"-1";"-1";"-1";"-1";"-1";"-1"
"12/01/2016";"17:38:53";"-1";"-1";"-1";"-1";"-1";"-1";"-1";"-1";"-1";"-1";"-1";"-1";"-1";"-1";"-1";"-1";"-1";"-1";"-1";"-1";"-1";"-1";"-1";"-1";"-1";"-1";"-1";"-1";"-1";"-1";"-1";"-1";"-1";"-1";"-1";"-1";"-1";"-1";"-1";"-1";"-1";"-1";"-1";"-1";"-1";"-1";"-1";"-1"
"12/01/2016";"17:38:54";"-1";"-1";"-1";"-1";"-1";"-1";"-1";"-1";"-1";"-1";"-1";"-1";"-1";"-1";"-1";"-1";"-1";"-1";"-1";"-1";"-1";"-1";"-1";"-1";"-1";"-1";"-1";"-1";"-1";"-1";"-1";"-1";"-1";"-1";"-1";"-1";"-1";"-1";"-1";"-1";"-1";"-1";"-1";"-1";"-1";"-1";"-1";"-1"
"12/01/2016";"17:38:55";"-1";"-1";"-1";"-1";"-1";"-1";"-1";"-1";"-1";"-1";"-1";"-1";"-1";"-1";"-1";"-1";"-1";"-1";"-1";"-1";"-1";"-1";"-1";"-1";"-1";"-1";"-1";"-1";"-1";"-1";"-1";"-1";"-1";"-1";"-1";"-1";"-1";"-1";"-1";"-1";"-1";"-1";"-1";"-1";"-1";"-1";"-1";"-1"
"12/01/2016";"17:38:56";"-1";"-1";"-1";"-1";"-1";"-1";"-1";"-1";"-1";"-1";"-1";"-1";"-1";"-1";"-1";"-1";"-1";"-1";"-1";"-1";"-1";"-1";"-1";"-1";"-1";"-1";"-1";"-1";"-1";"-1";"-1";"-1";"-1";"-1";"-1";"-1";"-1";"-1";"-1";"-1";"-1";"-1";"-1";"-1";"-1";"-1";"-1";"-1"
"12/01/2016";"17:38:57";"-1";"-1";"-1";"-1";"-1";"-1";"-1";"-1";"-1";"-1";"-1";"-1";"-1";"-1";"-1";"-1";"-1";"-1";"-1";"-1";"-1";"-1";"-1";"-1";"-1";"-1";"-1";"-1";"-1";"-1";"-1";"-1";"-1";"-1";"-1";"-1";"-1";"-1";"-1";"-1";"-1";"-1";"-1";"-1";"-1";"-1";"-1";"-1"
"12/01/2016";"17:38:58";"-1";"-1";"-1";"-1";"-1";"-1";"-1";"-1";"-1";"-1";"-1";"-1";"-1";"-1";"-1";"-1";"-1";"-1";"-1";"-1";"-1";"-1";"-1";"-1";"-1";"-1";"-1";"-1";"-1";"-1";"-1";"-1";"-1";"-1";"-1";"-1";"-1";"-1";"-1";"-1";"-1";"-1";"-1";"-1";"-1";"-1";"-1";"-1"
"12/01/2016";"17:38:59";"-1";"-1";"-1";"-1";"-1";"-1";"-1";"-1";"-1";"-1";"-1";"-1";"-1";"-1";"-1";"-1";"-1";"-1";"-1";"-1";"-1";"-1";"-1";"-1";"-1";"-1";"-1";"-1";"-1";"-1";"-1";"-1";"-1";"-1";"-1";"-1";"-1";"-1";"-1";"-1";"-1";"-1";"-1";"-1";"-1";"-1";"-1";"-1"
"12/01/2016";"17:39:00";"-1";"-1";"-1";"-1";"-1";"-1";"-1";"-1";"-1";"-1";"-1";"-1";"-1";"-1";"-1";"-1";"-1";"-1";"-1";"-1";"-1";"-1";"-1";"-1";"-1";"-1";"-1";"-1";"-1";"-1";"-1";"-1";"-1";"-1";"-1";"-1";"-1";"-1";"-1";"-1";"-1";"-1";"-1";"-1";"-1";"-1";"-1";"-1"
